label,label_num,fichiers_photo
drink,0,uq1qcV5kf36rjB1TP1GCLg.jpg
drink,0,ZW5jolpNvcUp-9WTDvflzA.jpg
drink,0,IGXvDVk-jO-Gf2kJSK430Q.jpg
drink,0,4jYV6b64iMhduZHP-gt--Q.jpg
drink,0,708W7D3giVuge7Qh38BHVQ.jpg
drink,0,-96d5UiuNX1Xq5zYFBI5CQ.jpg
drink,0,5R7naBszwQJsm3ZwF1kaXQ.jpg
drink,0,D8mLMDUyvH1bcfQPD8D5rQ.jpg
drink,0,QiTyb5xDexjobA4LgzyN1g.jpg
drink,0,NyphiLrF7DWVHVJQ0t3pDw.jpg
drink,0,HgBR6tVQGctfCDONheqOVw.jpg
drink,0,2Ppc89U_-9JogQatSKtREA.jpg
drink,0,SVoQvDCmsbeiMgEepMS_qA.jpg
drink,0,yKagA8VJpPxFbzPz_XdnuA.jpg
drink,0,V2tvYxA9v9rmxOykDvO8jg.jpg
drink,0,Y6Mdz06hyg_ZVg93_AM8ow.jpg
drink,0,Hqx_pSzOwMEX8-DT0H6xvg.jpg
drink,0,zLMDeAQNm2B6P6wiYGwHoA.jpg
drink,0,8bVG9R538LNjMmdWZTgKSQ.jpg
drink,0,h0FjsJv9vkhVOiFT9nRpBA.jpg
drink,0,ePpM5KHp6CpE5g9Q8G4ffw.jpg
drink,0,1-Zd3pYLBLjMRFotw1WtUg.jpg
drink,0,xTFthlVf09hwU8UA4W8MIA.jpg
drink,0,HHGLJD0n96w1oG-so3x1Pg.jpg
drink,0,CDMKcYjCMXZSrUdQ3_W8FQ.jpg
drink,0,7FRYZeXE9II48_VfprBa3A.jpg
drink,0,Jg0nyMNLttaSAHjShbFbkQ.jpg
drink,0,p4I0UbIgLxj-DRr_J5_HYA.jpg
drink,0,32TlyMUywPxitZvvAjJCKA.jpg
drink,0,OVnlAxI6BpKibFIHa3aL8w.jpg
drink,0,YA7aQvqqnoPOm3pNxbPKEQ.jpg
drink,0,mnEu4CfJIOnmo5bSH7CTSQ.jpg
drink,0,-ZNYvjegsoiVvDyeuicNFg.jpg
drink,0,q8diKDltzvhdJUOPxvv9LQ.jpg
drink,0,VDSJfxqFFamvPq__zYaDzA.jpg
drink,0,h_vvfR8iyKHUZG6KJ-AOhA.jpg
drink,0,pLH0PZsbV58aiQ-0Q_nVeA.jpg
drink,0,KTipxR-WWJhmlNO8D-Mqcg.jpg
drink,0,WUYcUHn6k-sevh6Stxz0Ow.jpg
drink,0,n1I9n8uOktS4e0PirzXo2Q.jpg
drink,0,2ngYVCBETUcE4x3JJS8PzA.jpg
drink,0,SoMBx8OxHGrUoDgBn3bP8w.jpg
drink,0,vQ7AyP_G7OOIfvu-Gly1oQ.jpg
drink,0,ZJDjBYmLy-FJFI1W2iUM3g.jpg
drink,0,fHCSx8okKzH6CGPHrRogkA.jpg
drink,0,zBL7mp6H-Fg7LLqmbj_73A.jpg
drink,0,gniRxYjbSMOjFR-aenAykA.jpg
drink,0,eJbPOo4k51XgtGxR2xJ5Dg.jpg
drink,0,rT7zsclGwdE_n31Nb4WRAg.jpg
drink,0,xGYY6hA8hycSK9b3SCB8pw.jpg
drink,0,tkuI3mAKf5qGqANh--DJGA.jpg
drink,0,XUA0Gx5tcU-edmPW7vPT8A.jpg
drink,0,CqvLiJeSvu9-xr8TuJ9USg.jpg
drink,0,xsZbVbv425tzZNuCtmZcAA.jpg
drink,0,lgs-kwhIrECn-dtEE433kw.jpg
drink,0,3a90GNd97zItjpdya87viw.jpg
drink,0,RrYc6tE1F_HlLnLUOAMG6g.jpg
drink,0,VtXsyZ-npvA4i4zVtxEYww.jpg
drink,0,SOb4XfKCoDnulibzSO23YA.jpg
drink,0,mxnRexGy9h8fFz5vp6VyTg.jpg
drink,0,trodlvWOFV-T7LODeIVVHA.jpg
drink,0,zSo894uRFCQi6irJKQYJLQ.jpg
drink,0,1qkIsPqoeqNkmm1GQ7U66g.jpg
drink,0,HaBJuzGaoaY_3ynnnLBSNg.jpg
drink,0,2UL5PEzvxl-nmhjRPfDM8Q.jpg
drink,0,Ke3PuIvNHDjvQoL5f83Fag.jpg
drink,0,_6rUkQSSd5I7rl9TPxt0QQ.jpg
drink,0,OSbIYT9y0vlYuC_8lL7N6A.jpg
drink,0,ezyqyTTxvCtXvQZ4B0r2oQ.jpg
drink,0,GJg9HgSyGHWW3VJB5qRN3g.jpg
drink,0,RRkfPchdyUshwzZvIVtXfA.jpg
drink,0,sQpbfkPTEl0QIJZ2Jtzkeg.jpg
drink,0,0XKH7GUKXeCr3-nLRCko7w.jpg
drink,0,FUytC0uZawNc1Qvf_-Aolw.jpg
drink,0,F-Scxzg1sxTC5kDjvqPsIg.jpg
drink,0,yciQWzISIczdvItNObAVMg.jpg
drink,0,mcsPyFW8IILXwkSYxQdCWg.jpg
drink,0,_Pf2IK6sBVr9EtaCATepTA.jpg
drink,0,CmG9VAF4qC8UjVlIejgzQg.jpg
drink,0,5B7poh3_R-AVCCJvPho8Fw.jpg
drink,0,0QH1kqtUDe19mCcqXt0SBg.jpg
drink,0,C1aA-2YVkwVTKXM5lCcdww.jpg
drink,0,TGOjqwyRTy_bKsbZ9k8aDw.jpg
drink,0,J4IUGFAeiowD3_ZE-v7G2g.jpg
drink,0,aWNr58nUdCpUPndcuRu09g.jpg
drink,0,I7MrImp1SDymTV_bJpiKiw.jpg
drink,0,z3h-2oadOV1aKcbHMOtdhg.jpg
drink,0,9y5G25iP6BV8he7TsVnO_w.jpg
drink,0,wiqroqQ0OaG1mYnCwsmpSw.jpg
drink,0,7luWBu43fUP7h4kBe0Ulfg.jpg
drink,0,Ruyd8ymKZ4yoA3xIlqts0A.jpg
drink,0,v6UK2N_1IQny-g2-xeEilg.jpg
drink,0,G1y8vDDap5bfMM8uozzBUQ.jpg
drink,0,AKZqx-BObNAPKKTW0OsOuQ.jpg
drink,0,WTuab_8wo2ki5meLyBILDQ.jpg
drink,0,BDvTjxQ36YVkL1ZXND255Q.jpg
drink,0,EVI2kCGPyhYaL4GMbjVgNg.jpg
drink,0,LOt5ADZLCUgwS_k9c1XWiw.jpg
drink,0,CN2H4sGzT5s9zJLLjHrdsw.jpg
drink,0,4mGhnM8w9gGCF9zkov8X-g.jpg
drink,0,INiXJQQbC0Utjr8CWeQ85g.jpg
drink,0,fRMxoXd7w8tuzjGbzvjZpQ.jpg
drink,0,cBqBhbkJK1mB8PVK1Dy85Q.jpg
drink,0,P90bDFv8Aif2jEdzqeKidA.jpg
drink,0,Jah6xiqJf0R5BQBWUbyb8w.jpg
drink,0,JvghKw3eBjCkJfi9IDDv2w.jpg
drink,0,WpP-xe3xFzlvqCRBsLgG1A.jpg
drink,0,evm26UX9eBlcz76IqhoKcw.jpg
drink,0,3gI30D4tbidhbg6bXZXIWA.jpg
drink,0,pHZRfb4vhJJeCrN6gWroyQ.jpg
drink,0,D5qbaIRKiY7UyehfE9428A.jpg
drink,0,UcsYnFyyb4POpA6_2W0dtw.jpg
drink,0,wvuFCnEZtqeODGyCGyyNsA.jpg
drink,0,9_sn1CBLe2BuZCqa_tQDIg.jpg
drink,0,4iisle0aZz1tu9RiZkVcGg.jpg
drink,0,mIUHqX3ClqIwQaeTEwDLww.jpg
drink,0,AnEuuThSFwzwndwyelVHfw.jpg
drink,0,3dmSmrCTPDdbIiwGi56B-w.jpg
drink,0,Z7FmK29f99EOQArM6IUhGw.jpg
drink,0,3IAyrv3_LVodQDtC-JoccA.jpg
drink,0,mefa9-RGRW2iCEe0t-xX9A.jpg
drink,0,cNmj7-slWKgQsCXKGxL-Zw.jpg
drink,0,hLGho6C5L4ChuZGMOV2laA.jpg
drink,0,-VPiAvR6ar1MdN69jK_aUQ.jpg
drink,0,KgQMz26PY2ieQWpi5iZcMw.jpg
drink,0,H6UTUSncVhxChEiBw8BD7Q.jpg
drink,0,O15Cv1sGD0joLZ6iJfVuEA.jpg
drink,0,9hSh8Twu0a2PcbslWaEVwg.jpg
drink,0,xzLKiMMeo6agyxV-j9F5kg.jpg
drink,0,BJdARaS0tJy5vJ0XdVWGgw.jpg
drink,0,ee-RSB9rJ4H1bfOHJYH9yA.jpg
drink,0,hsB4c527rqL3pOArG5fuHg.jpg
drink,0,F2Ugd-oi47fc-of3bDh1jQ.jpg
drink,0,5GuF-Qxmw7g5RoqORa_miQ.jpg
drink,0,yKvPFhlhj3B9rTKs9z197g.jpg
drink,0,wyb2p8-_bxTE5yGsT1gXOw.jpg
drink,0,uNtyXhf-T6pUcD_zHr4law.jpg
drink,0,HF8y8-GqTb72VnSrFU4Vtw.jpg
drink,0,UUYPbvVZ_QpsmKkgVV552A.jpg
drink,0,JcbiSGBM_Y0Ytp571L49QQ.jpg
drink,0,QD95ODtk_cJPcZMZ2vBKQw.jpg
drink,0,x71IqcZyY9CdYy0HLcWZMQ.jpg
drink,0,uOib6A0QU--M5_hAi76jlw.jpg
drink,0,2dRNTjkbN0N9r4zsYFhd1g.jpg
drink,0,cPUpCsq-Hmy1JbfxkBtyQQ.jpg
drink,0,Lza1uaYTscqXWJgG8d5Hxw.jpg
drink,0,tg0QS36U_1j8X7I6-1_Q5A.jpg
drink,0,klI2P5Vy84H5Ujcw_gpMQw.jpg
drink,0,1Wfk3c7ziMz8LvKZKlalGA.jpg
drink,0,tACT-DMLUZq8NTRICrxjWQ.jpg
drink,0,ON6c8KguCeZTnQgDN_xqvQ.jpg
drink,0,gVJBTvMjjYqtKJ4aII7bYw.jpg
drink,0,X2cyoOj2AzWciFWKxqYH_A.jpg
drink,0,no-1MgdBSK5mjfMfgNWGQA.jpg
drink,0,koiQ2zvJ4lk6GsNGKwwFTA.jpg
drink,0,7yY4aAwNU0a1VZglQR1ulA.jpg
drink,0,h2yyoAuRGPpqju9l-U1wDw.jpg
drink,0,yyrgZn9Sm0ZQx9NNrjhULg.jpg
drink,0,0reH9BrRSLTddiQGawG-Ug.jpg
drink,0,uoC_VkgK9aInBQmnDykR4g.jpg
drink,0,b3wOWzXBUXEwPm6wRyfEAg.jpg
drink,0,lB47H-ynXI0F8mwOeAUmHQ.jpg
drink,0,bxrXl-zTTglMm0D4WcJJTQ.jpg
drink,0,34YBYLyRpoD9Mc6JJrTeIA.jpg
drink,0,OONHtyzZeTCMgRlH3xKJ2A.jpg
drink,0,PptRQ1bqfQdxj0NQEwp7tg.jpg
drink,0,rVMvvW2Ij1tpu6zaLDSRRw.jpg
drink,0,sP53qsAJszgE-NECvnNo-A.jpg
drink,0,xnqTwCpMZ9SDUS_kHohdoQ.jpg
drink,0,YQPIxevtkvSU1Mx8Orci6Q.jpg
drink,0,EIZhe2b-noShhEWxoDJCZQ.jpg
drink,0,_46TmjesuC0p2i4GMFHl1Q.jpg
drink,0,EtwcpMG-7CeNI7rZEU4KGA.jpg
drink,0,TecpomolYjkEkRrAk7UP4g.jpg
drink,0,2B8kQbI-bhP2aRpBConLyQ.jpg
drink,0,QOyOrlPLsDuKx3pkkbVH3w.jpg
drink,0,ig6l84mddfEKclOb87Zalg.jpg
drink,0,5TJj74SKjejaICYbJy7J7g.jpg
drink,0,nRr-oUIo0328hUELHYFrog.jpg
drink,0,wYNmfyrTGzYiwBJkbHUgrw.jpg
drink,0,E17SHT-vgwXG_4BNERwP7w.jpg
drink,0,B01WEOsLxH8KtlxwKFYImA.jpg
drink,0,UqfghAhwuziLYZjkzxMq7w.jpg
drink,0,_bvAHQOHC5tLLQzFxecO7w.jpg
drink,0,p3ZTnCggWekHs__cH3r6Jg.jpg
drink,0,ScjBSFoZ5uibIZV4BSvXJw.jpg
drink,0,sgN0uKg71o4RBH6mNE1X6w.jpg
drink,0,yChTeth2Xone5p2voENCsA.jpg
drink,0,K2fuSryWwC2oGGfbCB-fQA.jpg
drink,0,0k10WqwTekbmEBHIOVWgzw.jpg
drink,0,7p24kY80LpHlaUbLCoPWlw.jpg
drink,0,9YClhb88y0j1ykIY7DleaQ.jpg
drink,0,rh_u17XBMPS4dRphQpKojw.jpg
drink,0,T-alTmkpFJSHOH6oDU2ktw.jpg
drink,0,MZ9hesiK0UHmKe_UI8mwng.jpg
drink,0,g7FbwyHVXyuhg8xWufHpCQ.jpg
drink,0,MUXPCsFY_R7vX5x7TNmSHQ.jpg
drink,0,3kZTFVM19SKAljJkMlmrmQ.jpg
drink,0,gkdmSh-kDMH_TnDNllr03g.jpg
drink,0,tJuEd6R4ltmiDsRfIxf5qA.jpg
drink,0,c901DIU75FRHKpOVVXLDYQ.jpg
drink,0,KJoCiiTITGGwVkomUdMMjw.jpg
drink,0,eCE8NDwiLIpx16B3RGMuNg.jpg
drink,0,0HSa2Cb4EoSFIQY3XXKdbQ.jpg
drink,0,DHOCCXIWjDX1a3YN6eXr4Q.jpg
drink,0,nhjEBw1GRayMwEjrcUiPMQ.jpg
drink,0,5c_i9wnqw_fzsD5921319g.jpg
drink,0,u5UledM9zxb23tEQQFbA8w.jpg
drink,0,GfpPWQP5_5yq6SoACbzN2A.jpg
drink,0,j7GUX6JfKhMm6PTs3kVy0g.jpg
drink,0,nFkXBAWySNOEe2XEiov3TA.jpg
drink,0,V0Z8A3iflM9AhnWW7LEXiw.jpg
drink,0,GA-Gx8ve5Vczt6l03taIdQ.jpg
drink,0,tX4yUgHhS5UK2X6ph49Vaw.jpg
drink,0,cWKu7AdlSrobBOrTqDT9EA.jpg
drink,0,sBbs4qcOZ1J9161RMnNiSg.jpg
drink,0,mpp9zDf89mrNdbpalAPLfg.jpg
drink,0,C_qyGd-LSujV8FnM076cHg.jpg
drink,0,2JL1Q_oaq7QrzjPbvw4JHQ.jpg
drink,0,HVbQZjIe2Gj4V6D9Kmbqzw.jpg
drink,0,dVWLDEqF9XxiBnTvA-rzTA.jpg
drink,0,zdaEYIeOdlSydRS7sftrMw.jpg
drink,0,kPEzVUa4_-V8O8yWzxfjVQ.jpg
drink,0,nSpSY358aAGqmbLf2Q3Ueg.jpg
drink,0,F3Z1ckQLHxdcqlyiBsL92g.jpg
drink,0,-K0sfBo_2GwCxyuE-XGVDg.jpg
drink,0,TNC-nFziY194I3HMDjcDxw.jpg
drink,0,0Z531PE_MhTVEsZ0B-bp9g.jpg
drink,0,LkkPBYMq6NKJHFG4MkjlaA.jpg
drink,0,8qKevOSUSXy5x7LRCQUj2g.jpg
drink,0,Kbn95-PpUH0lxxObhRAyvQ.jpg
drink,0,SyV6dUqlwDLj4P6K1vzJGA.jpg
drink,0,Q0PNfH1K8lUjgcWVOeMUSw.jpg
drink,0,oRU9FPZcpLZ1xNh3KOeMGA.jpg
drink,0,7-lFdjK3df3wwKwEzxNCoQ.jpg
drink,0,CgflaUMw8QdbfmNphbU0kg.jpg
drink,0,iSP-GTEUJnZbdwkXuM2ywg.jpg
drink,0,3PRXKibOM7HmfN_N6B7_NA.jpg
drink,0,dwB_qXWajBoTKxYPvD-V-g.jpg
drink,0,d4-viq-bGhavI7ac2MkFiA.jpg
drink,0,7hQYW-mp9IxjkzTVqNj6KQ.jpg
drink,0,1Eq5Sn5tQcfCAxDJXF7gcg.jpg
drink,0,HBA26-Owm3U1T0EqsBXBmQ.jpg
drink,0,ZiJ5P5Jr29q6kihy-EXI1g.jpg
drink,0,QFTA3n3U93REVtoNiDv7uQ.jpg
drink,0,UTTpVHR9tQtB155W2SOWXQ.jpg
drink,0,Eytf9HmANwFEY1mjo8euLQ.jpg
drink,0,ddcUIm55jSf9pZVbfFaBew.jpg
drink,0,24BkZYn_DHuvERNTRIpCzw.jpg
drink,0,Ibdl6ADyagKqMENtJoWFKQ.jpg
drink,0,WZkKWS53fS1Mzss7JfxQJw.jpg
drink,0,TbquwcCjKO3YK2Cn_R2r8g.jpg
drink,0,6DFr_H_2RJLl1FKaAAM6TQ.jpg
drink,0,unmWIWgQeSSAAfjpOzpylg.jpg
drink,0,UFOZauAz5js0FBbB7q6SGA.jpg
drink,0,ASQbrS9PxEmAWlIDK_Wzuw.jpg
drink,0,R4osoSUtpaHDmZ6XH7_6vA.jpg
drink,0,luHvJL2WiD73SZleXwIYXA.jpg
drink,0,C4to6W8r55AQr4CSHc0KBg.jpg
drink,0,pt_pdM7I2roAVEx4PXU52g.jpg
drink,0,KvQNzBhXRnT3xBl6mTR7mA.jpg
drink,0,jba2CwZszMt7T9O66Kub_Q.jpg
drink,0,Wf53DOaTHNxjl5N4hWlQBQ.jpg
drink,0,ZJMebuBTVCaKNAvQrEFiNA.jpg
drink,0,03jvRmQfOsl3AQ0HcIsvgw.jpg
drink,0,iOYG-o6SwQIVOifNCKVioQ.jpg
drink,0,btX6zU6jA4CgQqu8niz_vg.jpg
drink,0,LhaZnH0nQaxYc-YNvSxZfw.jpg
drink,0,7vrGQXOxwlXy1q2h2gippA.jpg
drink,0,K8suY8eO3dfDRZL6hJl_iw.jpg
drink,0,YZ1JTz8lh0zeCDObeqCWbQ.jpg
drink,0,PsM1QdCA4ZrU33YZAzxaZA.jpg
drink,0,vmmzhzEO52OLi4ji46F9CA.jpg
drink,0,kAZTmu9PRsWaKs4IPaEwtw.jpg
drink,0,S_lmUb1GHJk5JqChhpwJOg.jpg
drink,0,6bMn_XPEEe162RCBVuAGFQ.jpg
drink,0,LWpkxCB4UTiJawf8Z3UGAg.jpg
drink,0,IlRTjnVf02UBp7OSOBb_cg.jpg
drink,0,risZ82zvNOrtkbZCUZktTw.jpg
drink,0,BvDXb2vM2coEGP-uP5MuhA.jpg
drink,0,gzkx5Y9nU4iH8gxqiTtwIQ.jpg
drink,0,Z4qxnHwSMGgf5BMVSwfL-A.jpg
drink,0,tC7_G98q-MlD9_khdMujXQ.jpg
drink,0,LSiKh4ZgDh0vRj8-2gtDqA.jpg
drink,0,mhioSpWxolTvRNcaqC3v1A.jpg
drink,0,9R_uiYeo5JabrdYujgnUgA.jpg
drink,0,ZUNWqLYceeUrDXDakLoKEg.jpg
drink,0,mSTTfrHclvLofHoj_nMdVQ.jpg
drink,0,61Mi-W_tlovfaiU7Rz6npg.jpg
drink,0,Y3f6wZN18OqlGyb6GMcaHw.jpg
drink,0,M2G4MGb-bpiALW4_q59oCw.jpg
drink,0,TWUgiIlo0sqkkDYiwD17SQ.jpg
drink,0,4mEW1Mq3JBdWo-yO0mD-6g.jpg
drink,0,h8zcpFrANdU_1EdtIhct8g.jpg
drink,0,jMdhYrJGboxHkQLbabIezw.jpg
drink,0,UUaKI_MlgVEQgcdv6Uw9nQ.jpg
drink,0,6lDTBcUo9y5nA4z253JuKQ.jpg
drink,0,0nfsHHg6PnyPZ6OOsrGKbQ.jpg
drink,0,aomt-o1UOi0q4T2aGEqRJA.jpg
drink,0,GcyZR1oJLyDsmQ7RSGVFvw.jpg
drink,0,LSlCR9lK8tADOif68snorg.jpg
drink,0,OSLZJzG0Ay2QYOp6EQ_F1g.jpg
drink,0,9gtp9RjE78fjn2GrHhhmlw.jpg
drink,0,bU4ZTepkdCXtL9FEUOdZAQ.jpg
drink,0,0ekU2GkmrvwvsTXWYLdkNg.jpg
drink,0,Klr4XukZza6Zv_hZw2yAsw.jpg
drink,0,noa_cHkQ00rEopgadGh2yg.jpg
drink,0,3vubos2ricDeLd_z5ypq0A.jpg
drink,0,KmQJQ1K3rtYhqYmp1zWODw.jpg
drink,0,BALOiDqUPcva25Esklo7vw.jpg
drink,0,-rIB0PCUbR-GvlGbCj_E-g.jpg
drink,0,1TMoOVrO7PxWL_I-vUpQMQ.jpg
drink,0,iiQPMcNw8nudGc9PiN13Pw.jpg
drink,0,dv1kNauuwum5b49pAYPJXA.jpg
drink,0,3mquP3QVw1KF6UZaYEtleg.jpg
drink,0,M0a108tFlDPShM3t10CadA.jpg
drink,0,R2fIPhFuqcg8s7vas8Z1LA.jpg
drink,0,AVPwQg_WfJL3HsJnOI-M9Q.jpg
drink,0,KrOxWes3nWt2zESyl6z3KQ.jpg
drink,0,AZeEoMC1wl3yljJqeQ8HtQ.jpg
drink,0,6erdAaGy4NI0VhyvIQLcfA.jpg
drink,0,OGBBdLVxm02vP8Doi56EnQ.jpg
drink,0,BOOf3jamPlqx-q1YPJfalw.jpg
drink,0,LuEqtqThwfXRDk_nl8Z7_Q.jpg
drink,0,H6ClHbof53gA2p1cWiT6pQ.jpg
drink,0,X9IirdA3U0KTbkWWfnFjIw.jpg
drink,0,tfHGz8SLJ7-Pq7DJsjMjwA.jpg
drink,0,iCWgxFiG4zf77KPzJY0nkg.jpg
drink,0,I92I6sHN6D5qWRwFnnhRWA.jpg
drink,0,MzsTdpAjBlYWzpEb89CO0A.jpg
drink,0,aZ_xsISHmmtW-XuYl0j6VQ.jpg
drink,0,vScbozoubLSXhVoQGJIlSA.jpg
drink,0,Tn3YxrVsQmXOrXGG1cApMg.jpg
drink,0,otfV5bBsthqtDdkX2n4MBw.jpg
drink,0,YqswYRjJxROZMfJoSra5mw.jpg
drink,0,ZDTNDzJUTEB9T0QveCP1kQ.jpg
drink,0,1PXHK22ID8tM1vKoegc-IA.jpg
drink,0,KPn4Xhyk49HjJ7UT9BOxpg.jpg
drink,0,RdsRAU1cDtL0hLtaAVbf4w.jpg
drink,0,WmJfAfZsKkNnUCBbE5rQdw.jpg
drink,0,02xqdLDJD1y_RIWl5znJAg.jpg
drink,0,rX_F0gIlEedTAXlUsJpmsQ.jpg
drink,0,g_3-yznM1yPuBl5Pga14zQ.jpg
drink,0,rfcn7h293TutBgJ1hFibTw.jpg
drink,0,SPTDvw9-149pGZ_fUpfbhQ.jpg
drink,0,fHiVYq3bPAUoiH7uZCQsog.jpg
drink,0,VUrFM-NyC4vsk__CeAmwlA.jpg
drink,0,FIAwz55YgxTT0-Km6ma_jw.jpg
drink,0,pW1qitCRNkxBzILRjzzC5A.jpg
drink,0,QXKX7FbWDIEh4HhNGIJH9w.jpg
drink,0,J4FmvIeF39b-pfNPRV5DkQ.jpg
drink,0,ZTDxnQo02wdgfZizD1LQ7w.jpg
drink,0,tzxrKDuIqD5SdsYZHoaH3w.jpg
drink,0,_qQAMFgOpl2MwtHknK2FfA.jpg
drink,0,s3wpCOpqoc5xA9_9tQGy3g.jpg
drink,0,SAUO_XcSDLp_JL5WYsLTqg.jpg
drink,0,glw-kdLv2xiSPxBJqJHBQg.jpg
drink,0,so6-YUVRncFfESMAe2-utA.jpg
drink,0,0JWjzOtVtG4XAhMHAQiXWQ.jpg
drink,0,a5z0PdC9XgYALYn-lnH7rQ.jpg
drink,0,bxhN62Yc7DF9t7swTP-g2w.jpg
drink,0,Vjv6bqQ__l-hx9VDHjjOgw.jpg
drink,0,YdsUFGmn_2GM7oKWEk9-Sg.jpg
drink,0,hhmrq1sfjdGhIKfLALsjLA.jpg
drink,0,Upmp7jMjYDFE3JWaHByfqQ.jpg
drink,0,h3MqbH0xt4IMzcpM7S9X7Q.jpg
drink,0,_UciArowFNogqSVbNQqb9g.jpg
drink,0,EzBq200aqOreJVA1pNGqIA.jpg
drink,0,SEVvxAt9eDvxs5HKVkYoPg.jpg
drink,0,1R4Cx3PpGkzj3oQZ0gdJ-A.jpg
drink,0,REZqweuX0UF4ZSZnEEVxgg.jpg
drink,0,lA-bCXKItyCgK3WGaIn_UA.jpg
drink,0,Lo69kRFRxuwQwUzlD9v-kQ.jpg
drink,0,8OsjvkemCsJ14q-zcFYTPQ.jpg
drink,0,E67wvpbOYZdTJUVqBqjljw.jpg
drink,0,WpW73jpbcoUnHUFs3KRCew.jpg
drink,0,M9ykibhvUnIDu8gD3Lz0rA.jpg
drink,0,CaDFGAw0OSFmJzyIOjO1Qg.jpg
drink,0,w8DRr2R0aeZVJ0k_P4KqtA.jpg
drink,0,hWzg5sM7XwTikiB62PjB6Q.jpg
drink,0,mPgUrTfCjBnHGY22Ovu-uA.jpg
drink,0,A91-oKVqVxUoRcjtQW2YWg.jpg
drink,0,PbVfUi7ylWw0-C3mWL4IVg.jpg
drink,0,S8waD-5VydojjtFpc-dycg.jpg
drink,0,EbhoxGaOdtR9r0zLZqGKDw.jpg
drink,0,YGw2XYKgmZ1z-08ae5FNjA.jpg
drink,0,FfxQuqEs4lJFupg-SDRq3w.jpg
drink,0,DAlhGCrdl_81IanEtyHTpg.jpg
drink,0,o0caNLcax_rWxkCn27RbHA.jpg
drink,0,7r5cMShuu460fMeq5lzT7Q.jpg
drink,0,aayUT8PxfC70T2aZHqpkDg.jpg
drink,0,7QhX5amj5MPs19L6NYvZQw.jpg
drink,0,zLOfuU3aivJ_6GVcGnTf9Q.jpg
drink,0,4Y8lJ-IiAtRiyYDBKg4LjQ.jpg
drink,0,93UgQMaNGTz6cuKYIXQvTA.jpg
drink,0,t0cl7iCoicRm9z92y9x4Xw.jpg
drink,0,Tp7dxnnj5A_JRVScdhc-Ww.jpg
drink,0,UhOn4eYOler76zwCAWlrqQ.jpg
drink,0,ML-uT4s7dkSq5dfomc2m6g.jpg
drink,0,jOoKGFuqnpOUmfiyvGeh8w.jpg
drink,0,jwbgHlJokc6Qu4dSDeWLuA.jpg
drink,0,5jc_A8JgVXhRPHcMSW8WDg.jpg
drink,0,wQUjzL_R8fTSq4gWT2aKFA.jpg
drink,0,UWIEahNDquQuUhw7OW_qnA.jpg
drink,0,OTLGrJIa6WaHrvD5uuCTFw.jpg
drink,0,O8PEfierchw-TINfUV9ERQ.jpg
drink,0,Bpe3cVelqIrWzpeVZvA1gQ.jpg
drink,0,zz4F6jQ7bpzrRWmtR9_soQ.jpg
drink,0,RbNLkI5hD9fTRGnavT6WRA.jpg
drink,0,IOQ0Y2wVK2qqX6efpNQRVA.jpg
drink,0,wgiMHHgX2UoKJX0qUuPhhA.jpg
drink,0,Hjtq9TQyqw-fQDpPKYYUuQ.jpg
drink,0,qIeWJoUruKfssMR4Z8Fi0A.jpg
drink,0,j0BGkXPSkDv4J8hGbsLg2g.jpg
drink,0,Jr8c3M5FY1S1UspTN0Z7EQ.jpg
drink,0,4CsGs1g0S_5XC4lxDtXktg.jpg
drink,0,FHeNAR5zyNE_SDEHIFJJaA.jpg
drink,0,PFBFdBgcvJzgsNVfNQ3Azw.jpg
drink,0,GgkUHq3KSW4iX61s9Hzfcg.jpg
drink,0,dhj7weBsMcYCCKQFSFElMg.jpg
drink,0,W6AEQDKg_zEqjACC1UtEGg.jpg
drink,0,0gD1U6jwyBvuzLtV2vFS8g.jpg
drink,0,GP3f-AK-g62yN3A7KenHLA.jpg
drink,0,pp3sp32FyRZFmskno53wtA.jpg
drink,0,ivcDtayfGfHjHi6O-F5xaw.jpg
drink,0,ThFhIVzY3eAOMguKyRPD7Q.jpg
drink,0,WYTcbkYlX2jA39BokSrboA.jpg
drink,0,dtyskHf8zvGFirNiD6NbAw.jpg
drink,0,nALtNZ9IUi13V9gYxzcibA.jpg
drink,0,_HWNI6Y_nbzHg1cu15k13A.jpg
drink,0,VJ8JXC0OXebjAevt7DklOA.jpg
drink,0,mh8csLILwq7dQ2vHpwwCkQ.jpg
drink,0,ddhiczjgfBL3qBXBWJVBFA.jpg
drink,0,89fJ-3g2sjDdF-HZsG6KOg.jpg
drink,0,fZfv-PRfvzXXvblp8vk9nA.jpg
drink,0,xSglT7SvWsTX9Fq3H9virw.jpg
drink,0,VW4mhV_K3R9lofzcyCNhmw.jpg
drink,0,Db8Rxp9a4fU7VCSTRm7JeA.jpg
drink,0,WyGv9lD_lLkLlw6etqZUSg.jpg
drink,0,_KS-FeIloe2MrARPidWBcA.jpg
drink,0,uYmUSEPm0gXBlnaqmimNEw.jpg
drink,0,wXA0A-C74Dtls9Xn5DbwkA.jpg
drink,0,jT0nABWq8dh_im9K0V-Bpg.jpg
drink,0,oyRijS8JH78G7jgLNE9JvQ.jpg
drink,0,I65PkkzbtbvsLZwuTa8pWQ.jpg
drink,0,uTIo_4e4ntwENS-clE7fPA.jpg
drink,0,V-jVK5Y2QlIXCAycr-ZnAg.jpg
drink,0,UOuAXxHdFEr8JeURL8fggw.jpg
drink,0,aXfACVTf3cm_Aa35hHqDqg.jpg
drink,0,qd3Mw5z8X3R9HVXK95Y8-g.jpg
drink,0,wvNvMSrJNBeFGfwAmptkqg.jpg
drink,0,Yt7N4iPIi21mo4HkxlYajQ.jpg
drink,0,nYFz6qpiEwY0Ayr7O6Q8Cg.jpg
drink,0,MGvzhHukdElTpPceWVv6fg.jpg
drink,0,L54Dk5wiUM8q3QettG4u5w.jpg
drink,0,vVp0n8EV_jzJ_pZfPRt_kQ.jpg
drink,0,M7_SEpbl8b1BKeTz_55Hpw.jpg
drink,0,e_btNsyDMJasYzm6OOJYzw.jpg
drink,0,pxx9Ld15SgBVmUbvmw-Bow.jpg
drink,0,YFz8Rn29vBTAwe9kFq16dg.jpg
drink,0,Qb2eF45IDmWvxdxr9gks0Q.jpg
drink,0,DvtQW3yJ6W8gO9aMgPgvig.jpg
drink,0,LL1ETF-iXAkuAmGFHt7Ajw.jpg
drink,0,MBHgH3gKyMX0vHK8odMUmQ.jpg
drink,0,_lLOGR1gg8eguGB04rdJZg.jpg
drink,0,OwFt2UjClt9VWhkXNRE-fw.jpg
drink,0,EU117PBO_wsDFS0eguWAlw.jpg
drink,0,V8WXZ4VfMqp0EpQVwZsgwQ.jpg
drink,0,Y6ZTmrg89_sZ5TIlNbuKXA.jpg
drink,0,jm-lNKUE6eIVCLLIQt_6rg.jpg
drink,0,wKYvBIhWF1GxkD4Cxbhe2Q.jpg
drink,0,uvpEqAmAvaYKnJJIzi2sBQ.jpg
drink,0,dThrFTK_bqo1woPvUgY70g.jpg
drink,0,Ux_JGjNbCp5FhQvdl8f-4A.jpg
drink,0,-wY3VKDLzAGVZZRn_UJ07A.jpg
drink,0,h99zEBKCPZexOVvzs4qF9w.jpg
drink,0,_NRG1QZEPQEAfpd7FJzjhA.jpg
drink,0,fXtva57K44WogyIyE4lwrw.jpg
drink,0,9LVwn-7jyZU1JVo3eODgig.jpg
drink,0,YQhzRu9Z1gQRLdmNuPxstA.jpg
drink,0,0ur9HP1NZRz9wzC9kcAdOQ.jpg
drink,0,abPA2H6hGD4YBJdMsfQG-Q.jpg
drink,0,2SToUFaEkXmN-kbEEz9ZtQ.jpg
drink,0,s93Sju6_zpCngp1gS0Asyg.jpg
drink,0,kDeb3n69djmpaLPIBV-nbw.jpg
drink,0,uRcGd78aWEu3Gq1HKjk1uw.jpg
drink,0,oLyHnLj9ebmLzNFSDsO5Kw.jpg
drink,0,QTukeoEElbEXCLOdl9mu6w.jpg
drink,0,CJf8HjLxwh6TdlEJwNF6yA.jpg
drink,0,737kMbhzDX9Bfsti3hRHXA.jpg
drink,0,pRxvFRofKzpEVSopQaK8mw.jpg
drink,0,9AUkh74cyAlNhzU6u6s57A.jpg
drink,0,cIRAzzGXkE1KJaG3EQ3JSw.jpg
drink,0,pX5aE-6moauTFU4RwpIyDA.jpg
drink,0,T4o0qtEIrFgHoJAj_TxYKA.jpg
drink,0,D4mzns_Kr6aIMRGhXC-c2g.jpg
drink,0,wPD9RtP_Vli2ye06WNyp2g.jpg
drink,0,vFDlMJ68GKBms9QdDpRsAg.jpg
drink,0,LNV2H0MigxMyq9wioGgc5w.jpg
drink,0,wEIK9lE0LVngTmDBIgL1xQ.jpg
menu,1,hnhkvZL0utdT_JRTBzooyQ.jpg
menu,1,HC9dI4rGyND9tLv-GgljvQ.jpg
menu,1,PRTuQzggNjtWS-TlH3UE7w.jpg
menu,1,XtlnKQNlVd9tFKHNAtuQDQ.jpg
menu,1,PrSEVm19JJVdQbhgCNtpLA.jpg
menu,1,nr0M1rjohOumdKhVAikoqQ.jpg
menu,1,ecr8Nlmv3wyQkrwmCDr6Vg.jpg
menu,1,wHO7zRTR9hR7vMet8_Br4Q.jpg
menu,1,wRYSDyu8zUqUfAHKDXgCjQ.jpg
menu,1,QImxScyn0_weINnJjXAzJg.jpg
menu,1,UTK9FgSdR1vlALfT-ouFJw.jpg
menu,1,Ra_rs7QbL2ruvNn-fzgZ0A.jpg
menu,1,Rxu6HGW4dFI-kJLs232CfA.jpg
menu,1,v-5Wzcjqqj1NlAjWkafc6g.jpg
menu,1,5w_6vOJ2cUMC9KVJK8Ef4g.jpg
menu,1,b7agAB5SBfud3PFh9tN90A.jpg
menu,1,74m2SqoQAjDIbTVE2e3dzQ.jpg
menu,1,mOKBVX_vnsT5lu_a92omiQ.jpg
menu,1,8ydON2qm89rrCbjkGp1TtA.jpg
menu,1,mpo8QWPYxsrkfqdI5d3xiQ.jpg
menu,1,Xvh0PTaZcjhTh4cem_jYvg.jpg
menu,1,KTi6jDl-i5oetWWhY0-djA.jpg
menu,1,SMtn4tN7lcfs11RFfBPQVA.jpg
menu,1,7Ab7dYCSsQDa3zLLkd72gQ.jpg
menu,1,YFWkxygfbdpukuya9A5zZw.jpg
menu,1,DsnBiY3YxOwSfM0EqipDDA.jpg
menu,1,Ub9H2xrp7juu0XWfdcpJ5A.jpg
menu,1,GRn5fOaFjweR6jpujxcwnQ.jpg
menu,1,FOEn6-hbZAUnHZTxKpwAkw.jpg
menu,1,FpIxQHu6J3JKnL1iqaX60A.jpg
menu,1,wt8rQF9m4gZyPaAFGMjC_g.jpg
menu,1,XCFJBKAIPR3maPETVK-90w.jpg
menu,1,zyz7zdej08AOsnrOGBBwJA.jpg
menu,1,cnkjCTYFV1Zb3g6hh-1vOQ.jpg
menu,1,M5VWYYv1fVLwMMp2vo1ezg.jpg
menu,1,G9r3DajUkFxCBVTNrBGnEw.jpg
menu,1,BawBICP6_wWvi-pxkF5KKQ.jpg
menu,1,am_1X-L68WfYqnw__zD1Zg.jpg
menu,1,4p-AhKWjyNW3FWtwFXD9lQ.jpg
menu,1,5u_N2j88jhawjtfvJ-4i2w.jpg
menu,1,YbTOEcVEvUEQnZy1XF4gbA.jpg
menu,1,L-U-DoLOFUJAw3CoR508cQ.jpg
menu,1,k7HDRl0Mi54wtMAdMoi-Lw.jpg
menu,1,Oou8Aj8MC9euQ-XrQe0TbA.jpg
menu,1,zM5iDnrQh_cYcXGSIqlOKw.jpg
menu,1,IzBjq86jHDoZ63zxtPDi1Q.jpg
menu,1,FyvpbafUB6AbGgN-QARswQ.jpg
menu,1,CGKpuyfdWYJx9bGhfV2Kww.jpg
menu,1,Hm7vor0XWNmhxSwcN5m-OA.jpg
menu,1,iaxKO7KwzYyErwZL6t78hA.jpg
menu,1,upsKJla9YSDNK7yV1Oy-ow.jpg
menu,1,bXHZKKyFvIuxdmoS3ojCvw.jpg
menu,1,QQijqpES0VrlWe1Cu4CkZQ.jpg
menu,1,GGKjh-aX2E6cd6dFefjJcA.jpg
menu,1,IFAv5PMbB1shc2CJngKX9g.jpg
menu,1,X3Ldmldsh45CyW7_0R01Rw.jpg
menu,1,tuompxMeVKY7d0A3CY2LRQ.jpg
menu,1,BLZTQzFQRBcGe1n1Jbdlfw.jpg
menu,1,sBedNKmnhf4YKZ9TfpUJiw.jpg
menu,1,tA15abMj6bq3oOxy2VfiyQ.jpg
menu,1,S0QRuUST6N1JiveoT-mLhA.jpg
menu,1,FYbKI4_yPke87QJFc78zrQ.jpg
menu,1,Vhf0-CqGzNny2CsxvTC_Sg.jpg
menu,1,pW2tiPNTGW84nUK8YM3p3g.jpg
menu,1,DIuaKoEV8zwfH7-tJ-kEnA.jpg
menu,1,OqzivBgEYPsJKqP3o8ebCw.jpg
menu,1,7e3NGFjm6NE5G5Nb4A_mFg.jpg
menu,1,2B61UBAj4YdMsgXKZrIx4A.jpg
menu,1,SV3m87n-pJctVT4g2FN6lg.jpg
menu,1,_x-xkIG8bVy2buAoVB9hQg.jpg
menu,1,MB4zwifvv6qXkDIrrQyscw.jpg
menu,1,TGVfMTX3a2nszpBXAWHGpw.jpg
menu,1,XbtQEyiYo0O7HDkFa4zC6Q.jpg
menu,1,aMiOBRCv3pM4rkPGtEGVlQ.jpg
menu,1,qYEAJu1Px3O6opD0VRl2gw.jpg
menu,1,2fmN4DHvoNX2-X69oPTfWg.jpg
menu,1,N8TcKONwyf55ibWLPuucAg.jpg
menu,1,ofyKBBEXn3HZiye_DusoNw.jpg
menu,1,n4aJfTgw0vVNmqoeRzzrnw.jpg
menu,1,ZvsI_6s38rJSCGd52hOlBQ.jpg
menu,1,YGrDluXlZRbFgOacD4hywQ.jpg
menu,1,L33kOstRHiJhgS0LSbrREw.jpg
menu,1,Mu1c2wUB7jmd87Xpc8lGUw.jpg
menu,1,fR-0dmUFR3SNbijqtwcZqw.jpg
menu,1,p5E-Saf3Bx14g3HAc3vfTw.jpg
menu,1,D4DYX3CRQr5T19540vcJ-Q.jpg
menu,1,eeQy4_ZA0aAGPs34j1hgBQ.jpg
menu,1,eWe8Wc6sU0WFlMME9AhsJQ.jpg
menu,1,CXlrHwbyONCQ74-rYVq4uQ.jpg
menu,1,zkxRaLqwa6b10JxCU5engQ.jpg
menu,1,PHu2w03F2zZKmLLDaTmwNg.jpg
menu,1,Ghd9vlcG5F3mQXR-L-EC6A.jpg
menu,1,ZYjJ196JzmS54y94e1Ru5Q.jpg
menu,1,W3TR-g1xPWGyGR4541YsqQ.jpg
menu,1,OK4ociJ3gxl1IvLX4yLLYA.jpg
menu,1,ts8ykCg3I9zGHhg61eWQfw.jpg
menu,1,2gH9tSzxAhpTiucT3C8Epg.jpg
menu,1,OJL15xsX48slAdpTFzA1fA.jpg
menu,1,xnA9E9XXJYtP8clTikdUWQ.jpg
menu,1,3xSw_8acrwX3Cf5cX3lRww.jpg
menu,1,WrhI5QFWIIiu86DBD8ZdCg.jpg
menu,1,whnG-ffdJ2E19uM7SWs84w.jpg
menu,1,OMsNn8B6b2TnA4j2ErzkGA.jpg
menu,1,KLQ2MILZcrX1-Q4w54xhdQ.jpg
menu,1,aXg_q37qn5M6USihl4g87A.jpg
menu,1,HVnehm-g5W-BR2ZO1N0Y9w.jpg
menu,1,VoYZ5mkMNV1Qj30lmLhYJw.jpg
menu,1,t4zwK7HjRHlFgg4SgbNoLA.jpg
menu,1,w668t_CI8Fl2Nj6JpWiZOw.jpg
menu,1,Am4s-VnsUqau8hmpyfSVWw.jpg
menu,1,IHW1F7VLq6tep4Tt0Ve_HQ.jpg
menu,1,ESTwK21bgaclKkLpLPuyVw.jpg
menu,1,fgdaod8JAxiWZHPlj8jXIg.jpg
menu,1,mu6Ya2TeZanzHFXb2s9Ivg.jpg
menu,1,cMuILP1FWrxa5WlGqtxjeA.jpg
menu,1,zQRr78hhAHjXRettAeWzCA.jpg
menu,1,hvZ2fegpq1wgzN8xiwwDRA.jpg
menu,1,6j6-jIvGq2pEnLtC2SKWUA.jpg
menu,1,I017NQjRi7cjcIyoZ2jC7A.jpg
menu,1,Xzt9Fn4OW7kPaNof4AKWkw.jpg
menu,1,Iw8GQUfnElnbAWTRfL9Ekg.jpg
menu,1,n_oCGoq_yHanYy3sDqouwg.jpg
menu,1,Ei9mYs1xeh5JR2NVhd-4Tw.jpg
menu,1,FmU6IkC6K_yJkzYfTzxvvA.jpg
menu,1,FZQxUkNoFfv1MoSetYUN9g.jpg
menu,1,EIMSnQOEgNfj2xaMKJF_GQ.jpg
menu,1,f25_Rl1WTTFzKlbcg9gM7w.jpg
menu,1,lBcE3vTBa2U4J-JWQPCSpw.jpg
menu,1,RVK-MOE-F7Ef0e1YTcgwJg.jpg
menu,1,xY-euMaCkvHChR9TlWEpTw.jpg
menu,1,O4Bj6XOTuzLtv078p3NW3g.jpg
menu,1,Gv8Snh2gUzjVaIP5Sl0GLg.jpg
menu,1,NjYy60Qck3mZ69RiMqa1xQ.jpg
menu,1,HBYI6RFw6MvNleKl4bCaBQ.jpg
menu,1,UeHaM5Q2Nb1EeVYR-LzEkg.jpg
menu,1,c10JfX6jtxNJvQISduUvEw.jpg
menu,1,D_rs11GGFrZTiGMpqKzPIw.jpg
menu,1,532e3B5gRzaRQFoKtCQMbQ.jpg
menu,1,F1zXDC9iiN9JRBvco_CffA.jpg
menu,1,zaVWeufuBnZYKQ7j2QNtaw.jpg
menu,1,k7HUXwE2pWb75cI5rWDjEQ.jpg
menu,1,wHcxui4AWWLkJARda0OyjA.jpg
menu,1,oXvpG2HQieOdhmqYnx3mxA.jpg
menu,1,GKPb1MS13YGjrG5f2V6DJg.jpg
menu,1,4XQehRNKZnj2J79dmpjO-w.jpg
menu,1,SDZJW3BXXS09jHvc6zS4Rg.jpg
menu,1,6zeJVX0_4J5LTC5BgdlG0w.jpg
menu,1,pz9aSjuUwZRqPoQ4rvXEDw.jpg
menu,1,rVeZWpaS626A2a_xaMxSog.jpg
menu,1,G-FcLHviEEnh8vo0vKqoHw.jpg
menu,1,er8LTBX_6ErkHo5OON-fCw.jpg
menu,1,QjGbeuaR-NEirdhzjMNm4w.jpg
menu,1,8TcAvKr0BvEzHD0uorcF6w.jpg
menu,1,kqnTlKV-NLNaf4M4tEVK9w.jpg
menu,1,sOSHNvhBV-4tOAr6zLxAcg.jpg
menu,1,f4K1966ElxRB9KWyPLGMPQ.jpg
menu,1,v3TUA0J2dC3vc47e5c-HZA.jpg
menu,1,WOAhRB0xPwXWXzg9xF1ZQA.jpg
menu,1,BEQSIpFSik0Uy7Wh65cjtQ.jpg
menu,1,HB3n0SGO0uCliJOrbqcLPA.jpg
menu,1,YHiZDNAKqV8pukPGySvMMw.jpg
menu,1,GwBe9S54ROsX8yzKGnAWtg.jpg
menu,1,DBSNnfaaY8aaB7ujCt5UMA.jpg
menu,1,KOH7wSFM6O_onWlL5l6LBw.jpg
menu,1,SXJkzV0SLNfvbd3kiy55Rw.jpg
menu,1,Nc-Dl-CpnGAQkm7lfoTszA.jpg
menu,1,bA1pJL3JXTpGM56acC68-Q.jpg
menu,1,zVms6PB6BJKgIs-f8cczgg.jpg
menu,1,BQ6jgY6JZ4Gid07brHmaCA.jpg
menu,1,ymnyQct-afx8VMuDA8dAHA.jpg
menu,1,hykL6DVw5Ie2WI6MsopHIw.jpg
menu,1,aqLLMoSnDe1Z7pB97CA_vQ.jpg
menu,1,iZyL2_EZmDVmUt9FiuYpow.jpg
menu,1,dIlWLltvCmDFRImxvk07jw.jpg
menu,1,wQgRIvLN2gl36YMv2kZSXg.jpg
menu,1,C2dXEJfZSCgDRhxH4FRBcg.jpg
menu,1,cDsE0sVLwrEFLFLh5VyMQg.jpg
menu,1,roFT0LnnBNglnEweV_B98g.jpg
menu,1,kB-O7D_0zVzDPJAPHMcN2w.jpg
menu,1,aHe1kgSCAAaJ3c59bSS9zQ.jpg
menu,1,v-kmVZjeGSW5TjmTT-K5uA.jpg
menu,1,Pl2rVH-Hl9FCu-0ycenbww.jpg
menu,1,yftUtI3Uc4rf0KAVFA8D5Q.jpg
menu,1,DiPVhW0ut4BOWQ3-3102Fw.jpg
menu,1,WAAoWnkNZhuULcHV8ewWTQ.jpg
menu,1,3JhQ-3vuhTRNb-abGUuPoA.jpg
menu,1,nnN3fOmY7uzQ_DSqBD8yUQ.jpg
menu,1,bnEEdBoug_z62jh1gKLgUA.jpg
menu,1,uwN1MutIoNV8XjuclBxPYg.jpg
menu,1,nZO8Zm_goP2VPIBfOr5ZrA.jpg
menu,1,wjrHGaOV6GydE7xNmr5quA.jpg
menu,1,ASY7ATmbo2xoLqUvGufN2g.jpg
menu,1,pVbCCmWELfPx4LRfEFvWNA.jpg
menu,1,jif1A5UGSgcWStd-0iLQiw.jpg
menu,1,2QxlYhwNSdujZfID3Z9FOg.jpg
menu,1,HosIpfqR5FY0fnNjdWoipQ.jpg
menu,1,5917ph5pKpS_ItlYOag40w.jpg
menu,1,YWw3F8usfHJRnt5apfESsQ.jpg
menu,1,8XWRuiGUhQpXam0-GQ7UNA.jpg
menu,1,rifOByV10O_JqWpjCUXAkQ.jpg
menu,1,b4dgDyXlHuI7VMZulXcApg.jpg
menu,1,k9NBmF1gjdPA9BDh6vuRdg.jpg
menu,1,F9PsEb30Sw1swl9LS92_-w.jpg
menu,1,fRmy2YSgTlz8yfVgH_WNCQ.jpg
menu,1,ntpr35pM-doFzEA0_60i2Q.jpg
menu,1,tENKBeLfAkNUE7jMOeXTig.jpg
menu,1,sZrD60dde3QcythByi-5DQ.jpg
menu,1,m8VLh4J5-KxZ78xZW8IW5w.jpg
menu,1,zi0XGIr2mzylRzzI2aXQ_A.jpg
menu,1,a-BPyfMGUKXPfZ6Ehf_i9w.jpg
menu,1,atUVp5TTgQ1dC88P8mwnWA.jpg
menu,1,SPQXUGZBMty3RjLdXOhzuw.jpg
menu,1,KUma-JwpsMTwtWONvg1NdA.jpg
menu,1,BRX-KzeUxVi3K-4GhtobvA.jpg
menu,1,KwuVgLpzQ7QCIKg8NVb1lg.jpg
menu,1,YijMzVIsExF3kwyn06hsmw.jpg
menu,1,UD-o7-2ig6jK441AsXIJdg.jpg
menu,1,HAI95BWacp3pf_KcEIIlNA.jpg
menu,1,fYZHLq1SDbFKoGGkT9BpLA.jpg
menu,1,-p9Bsyops6tTBO_sIK7YDg.jpg
menu,1,Rwty8Oee4jlk2pe7L0vQfw.jpg
menu,1,5wIFUBTG_bP3KYGi__wDWA.jpg
menu,1,TKtbl_S9SgeG2NUwZ7YnTg.jpg
menu,1,cTTqLuD6IoqHOHX63dF2nQ.jpg
menu,1,58X8StYqh1sUQpdcWCmtdQ.jpg
menu,1,8Gv_stcqrMM4qwV10Z7Rdw.jpg
menu,1,nLFn20A_NdW_bf4hM0dC0w.jpg
menu,1,WbMc7XaDMVZmTe3wYcrw2g.jpg
menu,1,tm0m8EUBAvIGEr1Gqw40GQ.jpg
menu,1,fKqLofD2aAsrsA8FSKxP-Q.jpg
menu,1,tpEPpTm_AmnCh0YOC03YZQ.jpg
menu,1,_xB4ovBVadxOekB_2_kh4w.jpg
menu,1,m5wlrKg9BnMc6as9FSbUUQ.jpg
menu,1,xNQAmGbVmiZV6Jaf931DxQ.jpg
menu,1,2dHd8_qZlNaGKN3Y-ko0OQ.jpg
menu,1,e53fD852qVDVupU6L9qkDA.jpg
menu,1,Hr5MPugPOz31794a_XAXaw.jpg
menu,1,TatbbLaVw_OanwTRXOwO5g.jpg
menu,1,uEoSw-y1_gB-DHRzp4JEYA.jpg
menu,1,65aLqbcIWZF23JQ60PXrbQ.jpg
menu,1,Ti5GniDItJanLhEnl7wzkQ.jpg
menu,1,N-S14AzS8cAwTUyMPsITBQ.jpg
menu,1,k_LkZKqJo0tc75Jc5EYI7A.jpg
menu,1,VR9DCbiSDQL0gSeNUwDj4g.jpg
menu,1,QaiGlxVTYXTzbYmFb3XgdQ.jpg
menu,1,4xB2r5XoG5KCeaW3ZKUtfQ.jpg
menu,1,dGE8HcFrpDx17eyWorRzRg.jpg
menu,1,YLktHUfWl9n1ndVm1r_lIQ.jpg
menu,1,YsmLp41GN0sfWISRxubyOw.jpg
menu,1,lrgvpPVE1NHRuhuF0K0_6Q.jpg
menu,1,twjrFli-udo_QBd3nnj43A.jpg
menu,1,zIHrNKEoYC4Wfk5uMWbw9A.jpg
menu,1,YiK2lSFBLoy2-0h8-q_aJw.jpg
menu,1,JmpcyKR_ccZNmuwie05SRw.jpg
menu,1,eibsn8wTtD0LNpUwE3rhMQ.jpg
menu,1,vyNEcxjJQlrGx1upveqsyA.jpg
menu,1,18xgIhbLPnO_B7eT21mIsw.jpg
menu,1,NVG206_H54TUlJgB-bmifQ.jpg
menu,1,VjF8l-Bh-qmfHm8C_a8Osg.jpg
menu,1,Izbvvnu607SkBmg1MmhXLw.jpg
menu,1,8ZwCv1RloQVZPw1GLvi_kA.jpg
menu,1,US3-jMlNLhhxQsYKZPYthA.jpg
menu,1,MuJUBq68CwIemWBTYhGcuw.jpg
menu,1,6qOGX_7FXiQYq5khjYrY_w.jpg
menu,1,H8noKZYteCrjt4RAatppBg.jpg
menu,1,SinERIHJj3PBGjcNfORYwA.jpg
menu,1,ZtL6ACKm692q0vPjRZ42YA.jpg
menu,1,g2iGlf8_SjdFP1MuvJGstA.jpg
menu,1,_DRwScqOX68inzxBb12dXQ.jpg
menu,1,tSZAcB3tTKuNwGh18VH8Vw.jpg
menu,1,UvtgGdqf8TpbeIN73wrkSg.jpg
menu,1,HHGOif4Ak6m2ajF4Kh4piQ.jpg
menu,1,h2oJnr7LzQVc1f4jCLbs-A.jpg
menu,1,7O2Ygbiun0yMBbXkPCu2Tg.jpg
menu,1,RXkfLeOeg0mPpz7gZDsKjg.jpg
menu,1,GAH8SVo4pW7FLz1nPZaFog.jpg
menu,1,-mfBsyS6fQD7SrjBgn7CTA.jpg
menu,1,uBr5Ae8-4wvpo5HRG_53rA.jpg
menu,1,AMDBFlwOkp8gnYP2eLFOkA.jpg
menu,1,LU5FKeWyG7dN1KSVA0hBaA.jpg
menu,1,fXvzp3hA1i-zm-ugUv2TWw.jpg
menu,1,pYdMmG4c9suwRpQ5euzndw.jpg
menu,1,8XlgJdJL2U23vozG8_aRew.jpg
menu,1,R0M1xNGVFexKVx3zyYLqag.jpg
menu,1,wcY5lgeyLYhZKcDBC3Wn_g.jpg
menu,1,ARTl9PgYJhnbkOIUKGxX_w.jpg
menu,1,C-koTdJqs4hJv-bic2iwpA.jpg
menu,1,mj_by0h7e809ketpoGm_JQ.jpg
menu,1,t0j0DKxALPuaQcHIoh3FQQ.jpg
menu,1,EIn2-TIQSiwWW-01R81KtA.jpg
menu,1,aZsBEJf4D2y005DOYcfeTA.jpg
menu,1,MlORfK7b3fHLmY5vSiw3gA.jpg
menu,1,4yndZAAtKoOjHVW4Boa9aQ.jpg
menu,1,6JEjWISk-ol6sKe4qjO3xA.jpg
menu,1,4G54xgBAbojmKYKwMrQeDQ.jpg
menu,1,BOZII7eJ2xn9XIgavDQ83A.jpg
menu,1,X8htNlBQn2nrkltxD_jt6A.jpg
menu,1,YVIBd7htei16wm9nwoywUA.jpg
menu,1,BWcUb9dEiv4Y9p__0ISqcA.jpg
menu,1,OUiQjFXk9JEvsAOMRwREQQ.jpg
menu,1,AqfzK_bOCdvpW7eWx-WVMw.jpg
menu,1,EG-it-CvyxDuzR3z4SBwkA.jpg
menu,1,s-Bpf7clS2E9ZRdJ6spZpA.jpg
menu,1,XkybabWHPcpYE0ZO-gbIOw.jpg
menu,1,Dy5WekUKyxWla50O0CTBZQ.jpg
menu,1,VDjUYKWD0o2xTwDVpgSVOg.jpg
menu,1,GeNlq81Lumjn5pocoyjA_Q.jpg
menu,1,imUmFeMjzxtq1O3Ha7CgNA.jpg
menu,1,PVAQjVwU9Tp_PEFjQelBbA.jpg
menu,1,0oqmOSwBAfG6PMtgiMnC3Q.jpg
menu,1,-g3b9ZBdnuhG_PkW88ym0g.jpg
menu,1,YqQsRTBmKGvqDNU1Ga1K0w.jpg
menu,1,Pw8Ojxaucy8BWRxV-EB5IQ.jpg
menu,1,vWgmHjBmD4xyxgPclyBmQw.jpg
menu,1,fRU_Swf3HRBGfXKLPnyM1g.jpg
menu,1,uoRc4zbOr27AnOvrlYXOEw.jpg
menu,1,X-t2_pBb0x7MDtRFMqhWKQ.jpg
menu,1,J1_tcFgrb9z_429FcuOxLQ.jpg
menu,1,aMwHVnEXUvxoRAWo4jOsGA.jpg
menu,1,xA1su8ZR4a8KUX--CcS8hQ.jpg
menu,1,g5EKh7oaxLNj6jUVXKHIZA.jpg
menu,1,TO4Ea8QnJvdN3NPS2zsaRg.jpg
menu,1,f3mUXPN-7VkJWZQlku0AYw.jpg
menu,1,ntfIAvyIJfdQJ229yNzsjA.jpg
menu,1,TyO_Ku8oAT5QDLqL6IyV5A.jpg
menu,1,0dboIPhxzRX_1hS7nxI6zA.jpg
menu,1,qH7kNghTur0NutDjRr-ZBA.jpg
menu,1,tWKIMktlgUyqDxVIMh80gA.jpg
menu,1,gS2yrS4kXGwCRbEJK29qQA.jpg
menu,1,DBRqAKZNxxfUjzezsN1cXQ.jpg
menu,1,Jl6ncj4Uj7bdk4M8S1x-CQ.jpg
menu,1,_xpO8UTQP8HJjryBwBrSGg.jpg
menu,1,2biqCQhoZrhTVVEjFCNgWA.jpg
menu,1,wHFzA_fqO4ijwfPUDvbIWA.jpg
menu,1,m8wKBkTqA3Zo_FE8SyLGFg.jpg
menu,1,etIC8X5jhFXQM-3_vvhtsQ.jpg
menu,1,L2B_mPv9bF6qwFIeTUbhzA.jpg
menu,1,MFMkiL4chMzFTnNyrJtdDg.jpg
menu,1,nDV7SC8CVYKdoI5rAqcMQw.jpg
menu,1,XTGJ3muxUvR64dB7FH7lPQ.jpg
menu,1,Mjdx368ZexcVTWHVLH7Bcw.jpg
menu,1,SSvzbQvf0ZtY2Jg-cprs4w.jpg
menu,1,4qI5W-He06hIldXgrFsCfA.jpg
menu,1,evt-By64vp5tNa-4g2f2zA.jpg
menu,1,xTfLEkPioK1deSbeNQYF-Q.jpg
menu,1,NteefxysTsQz21sbVfp1zQ.jpg
menu,1,WUDY239JubRay6MBJZ6s3g.jpg
menu,1,Qt_PoW9RHVlUDlAd7FWL7w.jpg
menu,1,JWnMwWiw5mLx-8fdemUd3g.jpg
menu,1,7TvjOAAlTMaWrZhxq8Qrvw.jpg
menu,1,DcGl5ulq_1TPaVj6pk6ypA.jpg
menu,1,qYwiLh5iLqi2LwtKhUrNrg.jpg
menu,1,QFawaTFky_d-hXRDvU4cWQ.jpg
menu,1,zglf-LfMA1zDhJbqQjGetg.jpg
menu,1,6fHSUyee5eF1iR-fEQNTDA.jpg
menu,1,v_7CZAPVSjp7JTTI_xP5Wg.jpg
menu,1,Thy7iZNKKfXLv02UwmmXxA.jpg
menu,1,c0_NvcERLryGdeueC9U91Q.jpg
menu,1,pvWbQvut18Z8ffPB79Ua9g.jpg
menu,1,0FoULclmF2GRPNaq7_Z-rw.jpg
menu,1,tJlJPNL3lTnnZ271zbLfFA.jpg
menu,1,9Rnso6cLppsYqBGmQTmXAQ.jpg
menu,1,HXIe3jtUncVWASWnjFgDyw.jpg
menu,1,_HuPL1WmUDg_ipEYP4lR8g.jpg
menu,1,1PE52eVk3cZmkB0xPiekUg.jpg
menu,1,TNFWX4WBILAKX3jKNuFlHQ.jpg
menu,1,Fl4je3JGtt2h_UwrKo3xMw.jpg
menu,1,2A7Dbe6BTYw19Z2EE56jDQ.jpg
menu,1,3n53d8HT6wpipFpHguJ3Fg.jpg
menu,1,pwihbZ9fmidyiDwE0WUbkQ.jpg
menu,1,194HmXJ9exlEfTnGi9gHug.jpg
menu,1,qvs-6H6ZbWR4pk1PxBCvBA.jpg
menu,1,7IMcraOks-tQ0axKhUHeMA.jpg
menu,1,X8qwK4bC9ngmZE8ROydyXg.jpg
menu,1,0QR859wJrk5k1E9Q8zQSQw.jpg
menu,1,gruQ1xtkCJDWKEonY-Mwvg.jpg
menu,1,pCdK7QwN8Bs42mSfCBldtw.jpg
menu,1,FGMJHn0-9--z8qhYXFASUw.jpg
menu,1,cT-y5OYqQ81HBn6J7cZBoQ.jpg
menu,1,lQ1dLpP5pxDeMddpAWUVLg.jpg
menu,1,v-8MBq7DczmubQ7auUixhQ.jpg
menu,1,k56_DxVIm6M--Yi7XQxCRA.jpg
menu,1,ocoG4guxc8UZaIal7x_P-w.jpg
menu,1,MRQkv85Flv2-hr9Us9RD0A.jpg
menu,1,kZ94oIfkXRrmoOFCk37nag.jpg
menu,1,nC-Mlrqa8lI-ZWNqhhTg9Q.jpg
menu,1,cRJp4H-v2qyntX7RkmZEZw.jpg
menu,1,_OcQ_k80EHmS0cjKcQ9hWQ.jpg
menu,1,ftI9oDQ9gdtedN-8hoexCg.jpg
menu,1,us-U6mNUv7W79B52_TiIGQ.jpg
menu,1,iKK5H9CPOy7wUyLvmCbxWA.jpg
menu,1,wKCGPtiC5Eya1HD2j4_nhQ.jpg
menu,1,3wPVeh_31w_Vh__gE1Xwpw.jpg
menu,1,JY4woEHYDj7Kpuho95FlEw.jpg
menu,1,XCMaSXHgRhtUQtyrlYX5Jw.jpg
menu,1,8vS7-HXAJNl4qCSTYtYuDw.jpg
menu,1,wy34_mYwEJpvYebIn6G_ng.jpg
menu,1,D2lI1vDHylKyeS97Jz4hdw.jpg
menu,1,1xGXsfVIkhHnrE9MMzmyWw.jpg
menu,1,OfxclO61U-V3E_6-Y0UCCw.jpg
menu,1,daVJCuHM7i-0vjnlKGFryQ.jpg
menu,1,UaIbN6LPOaYxInkYKtUcAA.jpg
menu,1,iSK1_HJ0wC8aSoYGIJ1gig.jpg
menu,1,z2OmHE6w1VQYvoV6Fsukyw.jpg
menu,1,FByN9aUBfQF7r_WtsCqUDw.jpg
menu,1,xVfXpwJkUMHv1pwnBKa38w.jpg
menu,1,SKWMPVI5Xrr9p1IHJZSg8g.jpg
menu,1,RmnatlHLqlno7Vct4WIC4Q.jpg
menu,1,QmhHrAliZ-zS_qJGFVzFRg.jpg
menu,1,8Df8BI7RGrTSovbkozA07A.jpg
menu,1,dW6KkiVHWFn8YJfh_k9IxQ.jpg
menu,1,jWdF7G3y_7T2IfH5dDoyRA.jpg
menu,1,8L1WNgped8p7e_rPXaHRWA.jpg
menu,1,uUYaa6qDEyUPbbDdw4rDYg.jpg
menu,1,ULKVE2jPg_7dp1lupbp9bg.jpg
menu,1,WVBj5DjTp7rIMhyExHPuNQ.jpg
menu,1,rBN1JkF933qnqnEyIIUqFg.jpg
menu,1,bjkKBINFPbG3LOsZUpvscg.jpg
menu,1,JWH2V7Jmjt_Os4k0df5QbA.jpg
menu,1,0KbjFaSas7I7DZTtDs7vUA.jpg
menu,1,aLg_6Dq6mSn1vfMt2MLqqQ.jpg
menu,1,xmg9xMA2A5LGFhbOIFK9Jg.jpg
menu,1,Ka8MKb7uYgFjyaYZFk29xg.jpg
menu,1,1mEsXzSFgPphavKDSTvUdw.jpg
menu,1,jGkhp-9pujIt4TsuANwArA.jpg
menu,1,xx-0mb-w0y_OTvqf5ac1AQ.jpg
menu,1,-qthG5tbfxmSstuv6N5VPQ.jpg
menu,1,gLKTo24Ja3xv7a12iY7fsg.jpg
menu,1,TWvqJ-86IPwWP3FY7KN2tQ.jpg
menu,1,RbZ0oE_tV-KrJaMYu9BJow.jpg
menu,1,HPXKwdDNwJxxYZwFcGvQ4Q.jpg
menu,1,j5yn2JMfpJlbsT8NolEAxA.jpg
menu,1,Orl6oNjUzB5-W4xiZwZNHg.jpg
menu,1,U8xks-XpfePrx0wjtiTtDA.jpg
menu,1,VfFu4taHPSoemGsjo5Vr6Q.jpg
menu,1,1W3PHgoK9yPP1DR1EmpE7w.jpg
menu,1,KSt-v4TsC1E7a-DR79ETng.jpg
menu,1,akKd7O_ep51Q6dUJX_1ZhQ.jpg
menu,1,IBy-xGmcEYTJNIw9pa2Unw.jpg
menu,1,DfG3iNI8k5FvsYgdtcxomA.jpg
menu,1,mLCvpWrGOP0pmJp-W2xEbg.jpg
menu,1,stUmoWB4PaBYgkpbO3P_rA.jpg
menu,1,LC58Y8NSyjmEhhmR3V_i_g.jpg
menu,1,VgbUNP5UfbGN4lZH6QQNxQ.jpg
menu,1,pcafj-6olGsayM8dcPHjbw.jpg
menu,1,VD3BEFUb7ky_EFenBoaFGw.jpg
menu,1,dVCAuCzprxe8Ahz1pJYGnQ.jpg
menu,1,5f4AEb8NfXGSfhC3X-YxcQ.jpg
menu,1,wQW3UbZ9w2qg_nNvQFycbw.jpg
menu,1,P8OO3xgHh-JOhKqwo25xcA.jpg
menu,1,80iF9-Qb4nJ4lhxl7Rphag.jpg
menu,1,1enRkkAseDVEseA5V98e7g.jpg
menu,1,lCQZ0Yu1f1dDjy_uKjVm6w.jpg
menu,1,cqwrnWCLU1ijnmOuu4BKrA.jpg
menu,1,_1W0nl-Lcr3OgU2N1WQouA.jpg
menu,1,Ulo7F_L7FNEZNvi1jPg1EA.jpg
menu,1,TeU14CbqBjzMamCkbF4a1A.jpg
menu,1,GCTaVN8Q3-3k7lj7DbeMgw.jpg
menu,1,w55j3J-x7aaavdW939QMMw.jpg
menu,1,Mf6W85ibQUnv-VkzJgjylw.jpg
menu,1,Om4ki7ToNsF1deQVgJvF4g.jpg
menu,1,_L5VCvOY-bH7ldQpvBRw_A.jpg
menu,1,qtGXbL6SnrhB3BPzEM98-A.jpg
menu,1,vAA9WTLk6gpKMw3Prearmg.jpg
menu,1,Xa-jZQJ_XH8_JZsglwEfYQ.jpg
menu,1,IpFzfQaetiamy2Psw5FwoQ.jpg
menu,1,33kBR_8Bua30tRm2HWHyGg.jpg
menu,1,70nGhsM2q7WDvVl-Tg44Bg.jpg
menu,1,J5e9wu6AICw7Fs5AJEwHPg.jpg
menu,1,7hyVw09BdM1w_J9BvKTIgg.jpg
menu,1,LrHW-6iIPt2Zl8QOqg3kmA.jpg
menu,1,FR2FKUWuzAMgudIg8ZvtBA.jpg
menu,1,IyBQXL3NeThsWdJ5MLtf_Q.jpg
menu,1,7vHOMKWedzkrP4bEmUjeLg.jpg
menu,1,qc3LqL6NsdD50FlFdfKy9g.jpg
menu,1,FOksoH8PM7Sh-fcWEtpS-Q.jpg
menu,1,-eZk-Pba2kOKq5W6xaL0fA.jpg
menu,1,hXBySc730VF_3BIme6YvRg.jpg
menu,1,1RcX3ti9XdhxoDNscx5x9w.jpg
menu,1,IZQzHM2xujjbMZn11SOVHg.jpg
menu,1,9PWH4bP3y1Zeq7SVByf0OA.jpg
menu,1,Eu-yPlSynkOrYoC_ErUOHw.jpg
menu,1,CVSkCdiYrDYp3QPu8lP__w.jpg
menu,1,C_ZDueRWktX6-J21i7BWEg.jpg
menu,1,YxEyDf5SOd8vSRRYPxVTFA.jpg
menu,1,2hf4XGOaGQcoJEjr10LPew.jpg
menu,1,IU720LVJwfe7TpCStJT6Kg.jpg
menu,1,fASPZET41uoDGaDQoCP6pQ.jpg
menu,1,_CymYK8EgQzmrgp6EgNsZg.jpg
menu,1,aoUDfRtawU_hh2nkNql0ww.jpg
menu,1,BaEJzM-nsoH79ILleHRHBQ.jpg
menu,1,YpYoDR3EYRwSbQEXzJ_Guw.jpg
menu,1,O93-OddMlRElz-dMXYhpDA.jpg
menu,1,E6cr2Bmu-YyAtYcT41KbOA.jpg
menu,1,40V2bTSRt7Ii9cU-mZ6keQ.jpg
menu,1,5eqjfJ-RGhxkUczd7b07Nw.jpg
menu,1,_XITlzaZb6r6b81HKmB1fQ.jpg
menu,1,8U7fEXdD9weeTlA7Hhn9cA.jpg
menu,1,adczaSGVn077AUbZdL30Og.jpg
menu,1,coUA9J86dR0WTnHtWXF-Ww.jpg
interior,4,fStOwZu2K_aQNdl4ADfSOg.jpg
interior,4,g2IjonM0jpIT0d0DCdWGbg.jpg
interior,4,6kSmXz75Pnx0h27xMfqyqQ.jpg
interior,4,b103v8TGbOtve84z5d_Y_Q.jpg
interior,4,4wJ2mIexNSie2xEDYzaFDw.jpg
interior,4,BIkGwJEE3Vnsx5wioAiGLw.jpg
interior,4,mTEfzFTm92MhgCO-P7cbYw.jpg
interior,4,YVQrEtVM3dLd5lI1dHS1XQ.jpg
interior,4,sNjCNCcSm1-yNw3koIRG2g.jpg
interior,4,qpevh3cc65n-sGNnA4rgbA.jpg
interior,4,l6YfsAHUxN2TUa5O2fUM9w.jpg
interior,4,lztux2dAj_UHRBVbSTcwow.jpg
interior,4,BiOqew_aIiTC1HoUY41YKQ.jpg
interior,4,fIHkcKx1WdII8Ky-73RIhw.jpg
interior,4,zvtRkAS4eBlKY_a75nq1bw.jpg
interior,4,g96eeMT9xSHBQa0kZXpZsw.jpg
interior,4,OdmwEINWvUTuST-GGHei7g.jpg
interior,4,Xul-KC3YL_V-KVA4MhfHUA.jpg
interior,4,cw4PLvwt3vUQQVP9IxCj2g.jpg
interior,4,eRHNDv13dUbT6cBXj_7YUQ.jpg
interior,4,VMGJ1hTc3G5b4EAkvkNrnQ.jpg
interior,4,kfjfW-Giqcv0ydPXdnn9Sg.jpg
interior,4,NEIEkg89ADZ2LaykoZ3pdg.jpg
interior,4,73Se5QyDgCuA9o55RevZAw.jpg
interior,4,CnKgAZSnpM6gmuG4Bgu5tw.jpg
interior,4,893KM2NBddVGgqsjI_f0YA.jpg
interior,4,BGBAVqxH_VnijZsj4dw8TQ.jpg
interior,4,3sUOIukXRsHDDiMXqcrxBQ.jpg
interior,4,auakwDrHtWPO3QHky_J_mg.jpg
interior,4,3HpN8LiDKMxfTVJFD-12Ig.jpg
interior,4,xLJwC8TM8vJplb04g_nCyQ.jpg
interior,4,8Y1PuLc2nMej74jN4_XpwA.jpg
interior,4,h85S5O5JYYMAnXyx6GztfQ.jpg
interior,4,5BIgdsj3tl3eBVfRA2EvkQ.jpg
interior,4,G604lsq_JjkZW--ZL4KQbQ.jpg
interior,4,fx1MqCAzmSIfqpSSgkUlGg.jpg
interior,4,8qwQVL7TBL3z_AVhAnX2bg.jpg
interior,4,IgTDzL--mzdqAdbJwqgbZg.jpg
interior,4,1j7fef1X3ftsM9iBbbW5pw.jpg
interior,4,OJiP9uwk-3gX6fWMWIxTqA.jpg
interior,4,lA-SV3hFFtltJdO9A9yBiQ.jpg
interior,4,0wNeFQ951e4NilZzBXuOQg.jpg
interior,4,UDAj6E_dsk_x7A4oy34b0A.jpg
interior,4,47xR2-rej-hhmPn-p-0lTg.jpg
interior,4,EZt7yk-zrsw3L9lvyVNC8Q.jpg
interior,4,A9n5-N9Dcj6FjGClpq-LXQ.jpg
interior,4,DC-kMo3mnVhqJBywTH2tlg.jpg
interior,4,v88EM8_QUTSs4qK8mYm8Ug.jpg
interior,4,dXxAzzJ2qd4S5VuHf2LFEQ.jpg
interior,4,fWMMaIiqnSN44npeiB8wUg.jpg
interior,4,0BzFiL4WJnbCXPaGuBHtVw.jpg
interior,4,qPwRSqZEviVe26svTi2isg.jpg
interior,4,eabrp3FrSu7QfcTtMs4LyQ.jpg
interior,4,htSXNPtO3_NYU9fV6Vicgg.jpg
interior,4,mEetRgvDCkJSj6Nl4cqwyA.jpg
interior,4,3OPVYY7bolrh4RYhCKITFQ.jpg
interior,4,6GTrZCahELWv9-kQgYlyWA.jpg
interior,4,PWkyDmpHoayJTSeQmaSAXg.jpg
interior,4,GoFB2FaB32T6A4GVbZhkMQ.jpg
interior,4,oEwjVfF1p4RcE3hnCWHc2w.jpg
interior,4,MVIXY67ZQlEwnB2Xy7ZowA.jpg
interior,4,dd2eAXLTdkRMqluz9LdIvQ.jpg
interior,4,L1TXaLz11BfdGjdkjpvihg.jpg
interior,4,3rAbx8YwmA2Qfkihl8cIOA.jpg
interior,4,JLf-dmilpLLJr7Zy4SQpwg.jpg
interior,4,lOUL3q9UHqjHmy0zwRy1HQ.jpg
interior,4,xvy0olez1ufFZk6J8j8Wcg.jpg
interior,4,qSpnYhUC4YDms5jQ_SL5tg.jpg
interior,4,sf3Vcp37xriDiv59RFjP0g.jpg
interior,4,o_qXaufwzEbY92tjPTQOsw.jpg
interior,4,-aQkSeAdYA88hENOMzbgdw.jpg
interior,4,HCXRfRE3LZV16RzvGcpfSQ.jpg
interior,4,DvG14bFLuK9VTO1Ss1eNQA.jpg
interior,4,WiR7vds8ncy0fq910lChmg.jpg
interior,4,pv4bxmrf4h4Jdy2AYdoLcg.jpg
interior,4,NGEKEbvC1OzcFZ3chuzjEQ.jpg
interior,4,jLSgOGwHjDyRyDfymVwLbQ.jpg
interior,4,Ee89-ZgfktlHiKJSKddtDw.jpg
interior,4,1ZQJFAJCqYqI5vXQTcT3cw.jpg
interior,4,DZUSdML0TwKrs9ccXvQZ9w.jpg
interior,4,HIKVkCrm8eipPmymDOk18w.jpg
interior,4,T9vouowe7mWVDy4gc1dKNw.jpg
interior,4,dDAXI20V3omqrFbOmQ0Agg.jpg
interior,4,u8F1V1KVbyesc9ftWXtzNw.jpg
interior,4,PBrnGFoiL3NDufL7efDImg.jpg
interior,4,JgXyVrL8SKv3Nw6hKzRYqA.jpg
interior,4,uwRcufTOwUV7TpvJLfhRSg.jpg
interior,4,7LNP53YgktYcwyhNbpx6bg.jpg
interior,4,qjNd6Ei96PfZyNpMasHnuA.jpg
interior,4,nnVnDhQR3Vm5KvWbCXxQUw.jpg
interior,4,nTzrQYJSQ-yrxM8P10MbZw.jpg
interior,4,HrGrxptdEY5Kf443V_dm7g.jpg
interior,4,l3DuAPNjfWWK5eYcV5z-8w.jpg
interior,4,5EidYo0K1Ga13dPJ-G2ifw.jpg
interior,4,AyrzzAsMohMVfRKpsL37qA.jpg
interior,4,AwVmiMVG9PrhFQ9ZVqIhqg.jpg
interior,4,APbJPZ_JCpd-2I1JaGxfQQ.jpg
interior,4,mAjT8b1R6k_M9PnqMupo4w.jpg
interior,4,FnZK1lxJQ3ZhE_GFHIuGuQ.jpg
interior,4,aPTR2vkcAHEbHrDSA9Wc5g.jpg
interior,4,4DHgFWK3ZfVfn7QF71kFuA.jpg
interior,4,0MH7z5aWFLUj7VsHEFszHg.jpg
interior,4,Yj-FaoKdV65rb6nXbHIFTw.jpg
interior,4,9b_KLutfCxkzV3M6eNhudA.jpg
interior,4,gCZGfJJ9qQog_M41V1V3Kw.jpg
interior,4,vGDdpZXDgA1_wsMjcCHr1A.jpg
interior,4,s8pn9ubNE9azUVbDf6njTg.jpg
interior,4,QOYbax6zYCGfmEfz6GBtZQ.jpg
interior,4,7iVU28EGG47dkrqG-l7a4w.jpg
interior,4,trTHfwNN5WBSurW8TVH4LA.jpg
interior,4,vMV4uyHaTtmsZsdmkd3E0Q.jpg
interior,4,CXIvXL0MpYYIGNjfX3RJWw.jpg
interior,4,5NKCr3jbDJLQlANQQixUyw.jpg
interior,4,ewkg_7SOyHc07kVK-ow2BA.jpg
interior,4,_lRGer-qcbQqMUMpy1KtsQ.jpg
interior,4,Kvdb4SZ6WOjG3eV_0YmnAQ.jpg
interior,4,nGpKjrw9I-i89UFffbDscw.jpg
interior,4,bFRgUtExDHMHXpUAm1NQ-A.jpg
interior,4,FNir4AOpSL7z3ReJ9PyrlA.jpg
interior,4,5vdkh_jF6wc0JXX1ya-1qA.jpg
interior,4,R9RcYhPM_BOvxx18Kuxtig.jpg
interior,4,7ZHCtwTGoWlvBbHF5u_72g.jpg
interior,4,_R6qTq5Gq2SzSNM2qccYfg.jpg
interior,4,MHDpIVkADIcrTMd9447Drw.jpg
interior,4,Z2a9P_jGfMUv4uJPabkOeA.jpg
interior,4,OzOZu6oJVG5o4Pb_NmeeCQ.jpg
interior,4,3jtohQq70y0qMGUsVPj3yg.jpg
interior,4,eP2kSSOpG1sAZv_iVYwF6Q.jpg
interior,4,uuTbqOUG8aLhW7jWWG4lTA.jpg
interior,4,dAVGnY9pCIfSvZmZyffjNA.jpg
interior,4,Mz5Gcm9PXSIosQf8eWL6hg.jpg
interior,4,nHuMdXHPoAQlblLRRAODdg.jpg
interior,4,ks4lyJcD1idZTDJKiMjfmw.jpg
interior,4,VH2mkPuZrct7kV8N4Pi9tA.jpg
interior,4,L183lwcU-mQsfFu1h4Vu4g.jpg
interior,4,vrHvQwgDBy45GnlRO4DXzA.jpg
interior,4,hzEfbB-VdhidqFfGIw5DYQ.jpg
interior,4,4k-wJrNydwmU0wRpOmDGNw.jpg
interior,4,VuT144U6EQsNx_EQyy-I_g.jpg
interior,4,iknOLWxq9juZt5mcpFeuHg.jpg
interior,4,0vm7_3gq_SYFd9Zo4E94bQ.jpg
interior,4,PMvT96Wmr9784xAXLc8_3g.jpg
interior,4,g8Ixi4JGKK07_Z1-NHwzJQ.jpg
interior,4,pXETjm7sGi7dGI0f7uvShg.jpg
interior,4,F4j-BlYRv8tU9Z26oS5nPw.jpg
interior,4,-OQjgx4ETuytmcoWk2UIrQ.jpg
interior,4,o9dfSz0-ofdcfeoKyrQ79A.jpg
interior,4,xUhvrLMuZ4hZkdjTpII49g.jpg
interior,4,tR6GtDjWWnOi8zPwU0SDGw.jpg
interior,4,PC69Q9WjjUXdrVPM2AVBvw.jpg
interior,4,K3edjkBLTPfnNdRUjrJGYw.jpg
interior,4,2FSryrc-yymBlDud6rO27w.jpg
interior,4,_nSbcVqL3v7DpK4JSnUOEQ.jpg
interior,4,nQKq20Qv_BpS8mU2S6bAsg.jpg
interior,4,ZcMAVZ_UOgOchQmJxUuYvg.jpg
interior,4,qtHhdSKbyk9Tt7-kwnPhRw.jpg
interior,4,oQnBaGgFZPen1GWNjm31BA.jpg
interior,4,4ZE05FHfN9Qj0axSdbycaw.jpg
interior,4,Onj3sO0DnBV8QBYs9HLkEQ.jpg
interior,4,6bcmtJVUaNcVDZ-S89b9Yg.jpg
interior,4,l7bI98dI7NADBly34DSlww.jpg
interior,4,NDvuUwxOetSiKb7XX2RbFA.jpg
interior,4,UyRk4RBrBVKohp8Rmwre1Q.jpg
interior,4,Po8IKfFRIKIDNxJQOv3ihA.jpg
interior,4,g6QVSVbrQh81cwTFdLtTng.jpg
interior,4,DMjVNHumF-twn2gOqOxyqA.jpg
interior,4,Vv4nfpXQvzGzbl5znr0QUw.jpg
interior,4,sm8NGGexvwnzfkYUTKPwFg.jpg
interior,4,5WMhoVdIAoRfTsIl8AI0PA.jpg
interior,4,6iiZSdaqKeknL_0HC4-4BA.jpg
interior,4,Rmy_6qkT96HkK9IQWOlyQA.jpg
interior,4,UY0ufEaoEAPm8OEEemFRjQ.jpg
interior,4,UqnRcUlkNPxz97EJH_VSfw.jpg
interior,4,tyGRO491J8avEs-B0gqgJw.jpg
interior,4,cG-deK2MQiCUSs4kUXz6MA.jpg
interior,4,UQRWD64-hKlwTqMqbvBDLg.jpg
interior,4,sDTCqN84v1tYgnMdobD6tA.jpg
interior,4,SYe1LSdFvm7RPVRbWZ9dbw.jpg
interior,4,gJs1o5GtSdnjhy7YyAB40g.jpg
interior,4,9Cb1TXeERj-oH5Bo0JFLaw.jpg
interior,4,1CC-TXlA0XvfOUGbSVknWQ.jpg
interior,4,Vwb04jBHzZa6yolQbS3aiA.jpg
interior,4,SxH_VJ4Xkjva6fdnC2duxg.jpg
interior,4,M7FC4JFcHMOCznfhn4_RSQ.jpg
interior,4,m2AP2zS4Ybn-RodO9hoPxg.jpg
interior,4,t9er_s8ohqahlaLwe-supg.jpg
interior,4,YLhLX_7cB9AAvfGncbkNjg.jpg
interior,4,ZIdzVHnRrMt0ElNgJkT-Qw.jpg
interior,4,2VW6lDwTEk6wInNzzZYWPQ.jpg
interior,4,DEG89D5A1mFVR3JVe5pebA.jpg
interior,4,GB6HPKSzDJmoMSl9td28XQ.jpg
interior,4,jc24EvCFkMV6pfH5jSzjIg.jpg
interior,4,yUSCI7NoSzyPqh7TcfQz5w.jpg
interior,4,1XpPeLaKHMJq6ppp_su9wg.jpg
interior,4,Af8Czhq3hPo_422ssAI14g.jpg
interior,4,w08cgbVxV5rneLgpdnH7pA.jpg
interior,4,cgbYb8z2d274H6JCAjz10g.jpg
interior,4,Dc4zuy5-I9fJe7yEUeOXfg.jpg
interior,4,rDmKHKfqVxB_rBZ0IMsNsg.jpg
interior,4,94KMbFauycXSfHgxZKb_lQ.jpg
interior,4,c9bh5ZWwwIIClNMdwCSkpg.jpg
interior,4,DEw9hgs1LrvTV4y2pBaHAQ.jpg
interior,4,O20DuTYTFZrdDpsRxPKoWA.jpg
interior,4,i1DnBCZSzvm6n5iGuBa-Bw.jpg
interior,4,_kWH8hQ6LdT9XbI8TRA0iw.jpg
interior,4,_HJ2Gw3I75HgxES_EMLuzA.jpg
interior,4,HvYWMrLTkd4kBq4QqDd5dQ.jpg
interior,4,fYhbofyttEFXyqJz4af2Xw.jpg
interior,4,j4yeSTX6Yr2L2ZIUy9woVg.jpg
interior,4,Q6CrMsE0s1durxZAJxKrag.jpg
interior,4,2DgDKuejk7XjtqBpYSQiKg.jpg
interior,4,UAPWHGLlMeUGk897HvHVRg.jpg
interior,4,i6hQ9sU2rDxG_Exiv4Malg.jpg
interior,4,28y946YSOGW6HVaGbyHuJg.jpg
interior,4,4hq9HmfTnJJZCoyRZd4o5Q.jpg
interior,4,6cyx_3jST8lNCUZv_Gsoag.jpg
interior,4,V4h3wWB7PGwHYCNszO6geQ.jpg
interior,4,41YqFgZZZwF9KIzWd8oGrQ.jpg
interior,4,tk_eB1hLuPBuZgCE2fRBDQ.jpg
interior,4,tXKoYVAJzjz7h1SS2K2LRg.jpg
interior,4,zoDFgS0XILtYnodfwgEAfw.jpg
interior,4,2murNx8_tdwYg6p3dBt6CA.jpg
interior,4,g0Jp5V-tBikf3e4Kk1MRGw.jpg
interior,4,_6B-aLYYNQuVQ5va-0GVBA.jpg
interior,4,WnHnjYmcCm7Z0eheLHoAGQ.jpg
interior,4,FPRz_u3NA8KTyH8UV5R7Tg.jpg
interior,4,Fk4Gz3X-hgS-p0um-80Izw.jpg
interior,4,yRcvdnUtDamBTK9NkcFpmQ.jpg
interior,4,qNpZC44TyVysuoDJQ70yjg.jpg
interior,4,GLk1X8sO5i98hX7BC5qSLQ.jpg
interior,4,XYGMHZo8eyPBrcHjREl2Bw.jpg
interior,4,MReV89XvxlWw8gC7niIrQg.jpg
interior,4,FZDhfPMTeMEPgARPnZmShQ.jpg
interior,4,2bsjcQRJKQ_cOJ1_25AR3w.jpg
interior,4,ItGjZD7Ylf_I6-pb3waR1A.jpg
interior,4,6LTC9Ptsc69wbCbISBDu6w.jpg
interior,4,5fEbIenDvz5u2EU5q-cVUw.jpg
interior,4,omKn2NyQMwsivaTRU_BfvA.jpg
interior,4,jqVev285S7mJmnm8V1-8Ew.jpg
interior,4,zn9lU1anzwIzJZ_MVpfCCA.jpg
interior,4,XMGCXszPsC-f764MCx-Wsw.jpg
interior,4,f6FTwKTr2eqpwMoQbGq94w.jpg
interior,4,cRf5HrnRXfSQdO_ysNFRlg.jpg
interior,4,qgeEf7vPrIxYaUaQsqpxcw.jpg
interior,4,nV56VmvzmH3ZG7I0ilWHQA.jpg
interior,4,mlKU432il2bEd1zRZtNmyg.jpg
interior,4,uqI5j_0xcdq4RhKisYLUMA.jpg
interior,4,PAlgFdB8fdY8sY-EF3Pcmg.jpg
interior,4,HMyf-eu-dNLTa8hFY2sHrQ.jpg
interior,4,vZG93vjgxAavCkUC1F3Zlw.jpg
interior,4,4fxYR-jF_EcaMz4l4O7ZXA.jpg
interior,4,jMYMnUE_PUK8mUcbAbBUKQ.jpg
interior,4,FPffLeGKK4DywX-XnCI6gA.jpg
interior,4,z9ZAJSdyjulpRD7QJf1_hA.jpg
interior,4,YcIMPNjNhK4bqJgpHwPvmg.jpg
interior,4,-CgswXMKgIF8bZufBAoyPQ.jpg
interior,4,snITrN7U5RwE2uIl5CueYw.jpg
interior,4,rkJGrL1duAzkXuzoi-PGnQ.jpg
interior,4,dzlddZ0lWIj8CgcUcJMQGQ.jpg
interior,4,buchWOtDi5cwWkK750_6Cw.jpg
interior,4,XOIkBKwnaZrcmbkFgFrxkQ.jpg
interior,4,g3RUhL56A_qYOjIyWBttAw.jpg
interior,4,RMvnfPJdzICGoY2IR0io7A.jpg
interior,4,ZqgzkNslNemYqrjD_UPMUw.jpg
interior,4,AL_m0OfknSrtOou0GBVHvA.jpg
interior,4,N2XmehRVFk7xiKgJeNAPew.jpg
interior,4,RfilIQHdz3omb5tn6qgN7Q.jpg
interior,4,cXA-CLl4MoybRO3ar6AGew.jpg
interior,4,TmWvjUk-4QkIyM7ZZ08tAg.jpg
interior,4,iTGDoKyqNC-e1QfsMbyRSQ.jpg
interior,4,UjMcbCeF73xWMwUoQ1hIPA.jpg
interior,4,bg300MH28uniTquWD9LdSg.jpg
interior,4,t0wrzbKhvi5YewlX0moSDg.jpg
interior,4,3JAo1QJaN0hJXCDAwKXtyw.jpg
interior,4,rj9IJI2DXzolhSpqB64KbA.jpg
interior,4,StYzc8X09xYAuJZvjdVvjg.jpg
interior,4,s47AeHA5AiErdtK6Oqb4LQ.jpg
interior,4,dpO3DtALTCkNdtdPqLS5Pg.jpg
interior,4,fYjx6mM2Z1j5TaaxMWJk_g.jpg
interior,4,nnZQWVx4--OA6CwoM4-gJQ.jpg
interior,4,ZWRECyPko41XI9BJqz4Ucw.jpg
interior,4,rTLD_V23A1zVwQFDmYz8wA.jpg
interior,4,UUTXjxKLUGl-hCLNjg6JYQ.jpg
interior,4,L7frf2-lV4VSVvq0sJ2MWw.jpg
interior,4,H6uweHHFiX6F9uEtR0vmRQ.jpg
interior,4,O_7hInWZbZlMLlHAuCaqqQ.jpg
interior,4,ZEU1pX2wMkavfw9klrYOWQ.jpg
interior,4,j4y3KzJDaBL9vquwuxlFFg.jpg
interior,4,LXC40qx3v08vuCpY_ckOTA.jpg
interior,4,d-1OTS9-6t7lYgnVkITZbw.jpg
interior,4,PNtYcZ4otUPSG2aPuOxfJA.jpg
interior,4,r5Qra2GqrqCHjw1Y7LX5Xg.jpg
interior,4,0HqwgyqNceOejoW2yzz9NA.jpg
interior,4,q5_4W4hbjwSXsQpBq7KZFA.jpg
interior,4,9MRl3hdcoRkdzpr6F_kpcA.jpg
interior,4,-LYYjqDl23mkyktDAiI-cQ.jpg
interior,4,YAUCLceTTEGzt23zAos9BQ.jpg
interior,4,Fj4fOmLqcjA_-HX_jYxnDw.jpg
interior,4,gqVRb8al8PZeMncFc0KgZg.jpg
interior,4,2S6dFgu7uLg0FN4WLXGwbg.jpg
interior,4,nb7kcG-IcTrUyX_catisOw.jpg
interior,4,1XCVIlleWlJ8zm3ddcKPIg.jpg
interior,4,FSrwH8vuIOmf9Stuwd2ymg.jpg
interior,4,IEejw_1pJ4TUpDmkYWujMg.jpg
interior,4,EqDvLoQOly-MIA-KsbJWEg.jpg
interior,4,NoXtcpFn9_GGybMSI4fbBw.jpg
interior,4,D6you9p2iBf_TrltGoyLlg.jpg
interior,4,Rh2eYonGDoRzYjMPLkVdRw.jpg
interior,4,PXXpQpG5MUCXgDnPi6vzCg.jpg
interior,4,Cwk1j9kMjsmdwDxWZjWNQA.jpg
interior,4,3IJ21AntKbPxDrhoLxbU7g.jpg
interior,4,ZXlbQ5qFBhiXqpblTEuuYA.jpg
interior,4,QsACydNwHMbDBwqiQMvGgA.jpg
interior,4,e8vvxHvCBs60SXHzCM9p_Q.jpg
interior,4,L_6f-NEcI9g9H94TOxY6eQ.jpg
interior,4,cIs9N-n55p3LOXIxNU5G9A.jpg
interior,4,LnunuLGy2hrkHFgOai9xxA.jpg
interior,4,G5NXdbJ_KlYUPOuGClEwUg.jpg
interior,4,Bfc24saidQa3LNqlmejHKA.jpg
interior,4,tIn436VQmyPmbLK9wRQLtw.jpg
interior,4,BZnocieB8pSU63oP_gG28A.jpg
interior,4,B8Mydf8DkO4rtXa6nX4C0g.jpg
interior,4,_i1asBIB_hp5wV7aqM6cTw.jpg
interior,4,QsGzXWRip4jJl1CBgNClZw.jpg
interior,4,6VUmPCbCEJctKNYvMbIjeQ.jpg
interior,4,y42O2_BsTiAT5XGNFOgbCQ.jpg
interior,4,FbwExLU96T4DvV-cQf_erQ.jpg
interior,4,ScQU6GAHUy6HoP-yn6Tj3w.jpg
interior,4,P3EcQSmzV-EyCgNB5caH8Q.jpg
interior,4,Vvo7ysNdbl74evcF9INffA.jpg
interior,4,_RPLMqD2zqe81Pk-yMWVrA.jpg
interior,4,sykZAbD4GXTIKexzwxnZqw.jpg
interior,4,I_-pm_Z5inFjvLteBZBkZQ.jpg
interior,4,Z6FrXLStdkp2cmZrzbRTcg.jpg
interior,4,GlvfROTG-yy8e0HQ1zV9Mg.jpg
interior,4,SQaPfda8tLyyah5RpWjo3w.jpg
interior,4,YHNAl0ZAnhdmH-UUYIGTtg.jpg
interior,4,jTc6rQSMKprfLLnwrDAySQ.jpg
interior,4,ONVEPEJRhRLtaoxLasrMvg.jpg
interior,4,ELzciP9Nk8EUyDt80XGowQ.jpg
interior,4,2sXTYeVPtPRJGSe0qv94eA.jpg
interior,4,6CYo4dAyfe_FtN_CYjuFkg.jpg
interior,4,SVxaIFkB3OdB0z8F2jO5gA.jpg
interior,4,pGgf2u2CQzyA66z-9tMqBg.jpg
interior,4,JpP9UPZ6Msv_ZwHazS1oFg.jpg
interior,4,Fil6bDgXor1IP9j9Yz_-4g.jpg
interior,4,dESJi9DqHXk5lL4UkkbzpQ.jpg
interior,4,JohR7dxJIHTBi4v2GxMfWw.jpg
interior,4,MdU_8yTH8zNrVzBtkICLMg.jpg
interior,4,vD0doqxCtoUkIN7CpZT2LA.jpg
interior,4,835kJmUuXDfDxFVEVVG5iw.jpg
interior,4,ZzcX97wfh10Ikq46CyP3kA.jpg
interior,4,94vTg38hYExoqaBL3lsUsw.jpg
interior,4,qogAfSwHHc7YhkHhY5rtGg.jpg
interior,4,NMAmaiIQi01SM7qopibhPw.jpg
interior,4,mKG-i9G8UJ8zOs98M0tuvQ.jpg
interior,4,_Iq4COju-zYGWuG1G5thiQ.jpg
interior,4,kL17rMvKsmrfQ_t0YUJ4EA.jpg
interior,4,2vgob4AgVYan904bUPoU8g.jpg
interior,4,GsD4RIIbPtgodgIJg8LoFA.jpg
interior,4,AHeipomhf2tkLtjUVij2Jg.jpg
interior,4,ZVXfyNTUs_KbexVJarpCRw.jpg
interior,4,SsuIANMnCmrppsAfB-NtnA.jpg
interior,4,Og8PWnRsJQ8LAsJNnZuSWg.jpg
interior,4,1_h0HErJbsgIHgFO0O9Dsw.jpg
interior,4,9Bu2PmMpbuqRLfRuzrrCnw.jpg
interior,4,_B5LEY2rQFkpaHflroZrKA.jpg
interior,4,Dpj2X0NOh1wmAk9SvcNOrA.jpg
interior,4,9TLu2xD4LgNx5SHAIcdIBg.jpg
interior,4,a2FrX_gt3O0LSGWJP8OdHA.jpg
interior,4,K2zfpxcUJc_ZDL6ThgB-2Q.jpg
interior,4,mBF9jaozB0JnQ1zbPgGeFA.jpg
interior,4,ed0cK1pNQGmIWjPglcnH2Q.jpg
interior,4,yDEqBOsCE7Did92MKYewuA.jpg
interior,4,uNyt4TOFfPeV8Hl0ts0wKQ.jpg
interior,4,nVl56_qnF4cYHL3nXzkHkQ.jpg
interior,4,1Ya26VxzQaxGzhAMCItrJg.jpg
interior,4,V6zh8S-32vuLp6xG3RnS6w.jpg
interior,4,924j8ndTBe_VHYw_SqGuZA.jpg
interior,4,OvDceG5mXPCXhI_ywcEW9A.jpg
interior,4,tUJM252WKaSbspKf92y0CQ.jpg
interior,4,9ERPTHoHacw6k5NMvVdG-w.jpg
interior,4,VDOXsEQDmst9mobAkUB6BA.jpg
interior,4,pQ5OFtC9h7eAQfg_9HyI4Q.jpg
interior,4,CVgU4_g3LiA8bpnOJWU2Fg.jpg
interior,4,sDAYSnkjvMOXNQ8u_aKI1A.jpg
interior,4,0OYIR5Nnxj2D4ymCu5qtAA.jpg
interior,4,nWS0dk03SwYs4WKelYmzSg.jpg
interior,4,JcWg80c1RYkE-47V_IB5OA.jpg
interior,4,RDNAV25q9EHOqLwEbMZbVQ.jpg
interior,4,RoSp7jA81ndiAx4aLT6WzA.jpg
interior,4,hSYuNyqfnS1G6A6GROocoA.jpg
interior,4,ADUczwoEUaDXth41cb3BJQ.jpg
interior,4,J5niJxdAKwa8nwhRdybXeg.jpg
interior,4,-PtnHU7pw-ZoeFfba53mMQ.jpg
interior,4,OHJl7btXIMGy4votufLoug.jpg
interior,4,yzuCwvPFEvZtZUplzzJyOQ.jpg
interior,4,fD7sbfZdngBbSGMSaZiSxg.jpg
interior,4,XiuCOWNfW908Oub5GlWIlA.jpg
interior,4,TDn9mp4H0tojWYBrsNrZsQ.jpg
interior,4,8pyZUQX6N_ubvFYHReh1gw.jpg
interior,4,4Ua_XHzgcxskmWc-7WOirw.jpg
interior,4,mEkvT0397rWkckdgg2dUgQ.jpg
interior,4,msapwn3ExYRBvbbhq9cKcg.jpg
interior,4,09hlBSTocN19XPQIvNkyXQ.jpg
interior,4,mE_PUTgl2fyHWbc6aKwChQ.jpg
interior,4,vWf5jBHnhxgLe_-IFa1vBA.jpg
interior,4,wlrI22h4DFgiL7T6tE3Zaw.jpg
interior,4,87DjzpV1_oDEgyjE5TaFEA.jpg
interior,4,z9p93YLYF_efio0DQItuXQ.jpg
interior,4,6Mxz6sWtaoE9j-Kppbn_4g.jpg
interior,4,vuVGgj2lhUKK2fntUSXPUA.jpg
interior,4,ftC3PeuXeY3SKLGkCSm8wQ.jpg
interior,4,VyYxsc0xsvASZcV16o2nyw.jpg
interior,4,d1v0m3c3EDc4XvZvxSIzFw.jpg
interior,4,p_QWmkUWHsSeta0JtliF_A.jpg
interior,4,oGwZizjKKc732GFn3iuNSA.jpg
interior,4,0MscBz78_GaF3AYOXEFb6A.jpg
interior,4,sEuEn2k8iNwFe3158EWV5Q.jpg
interior,4,MyHEgbgzsSLX3yBdt7eGZQ.jpg
interior,4,4R6Qb8Gy9LJj5ngPoTSvRw.jpg
interior,4,PzbQUqc61S2ZXDeGbjRO1A.jpg
interior,4,aYf6hIX71ssi61SpVoNteg.jpg
interior,4,sv7WXa4Jq-htJvx2gGOKLw.jpg
interior,4,5BdnnCFA3nphQu0eqOBcoA.jpg
interior,4,cgN-0LnoyCsZJ8wr2TRvbg.jpg
interior,4,g1AW0BKEFv_0BKuS5GcZbQ.jpg
interior,4,CU-dxyIzkTjhcsXmsxjzVw.jpg
interior,4,7nYgmi1_YV3TeHdduiYoag.jpg
interior,4,cMaSxOON2o9n4qM6FJzTBA.jpg
interior,4,3yZZrRr9WbsCn3vR6SYmWA.jpg
interior,4,lJabPAKUuhGsEFzYY9yErg.jpg
interior,4,dpGpvo1vZLN-hadIr0HiIA.jpg
interior,4,nCN5HZbldTo9N-jEBNXAQA.jpg
interior,4,OL3B3bb-uUsaYZuw0LSZQg.jpg
interior,4,LWhU0uj3Mgx2zrF1-20NeA.jpg
interior,4,Q7IjMpTcVf2Ibd-_otMhgQ.jpg
interior,4,9oBBf7HQCWo8dD36KZWlIQ.jpg
interior,4,gwvX2J8VrMvjtNJzlumkLg.jpg
interior,4,B2lwzWnZjpsLa7uih5vAYA.jpg
interior,4,iFsEgX1V9114geQ9c_-14A.jpg
interior,4,ZT2a2EuYdyaWdJlT__9tzw.jpg
interior,4,JF7Y0VIjKcBHXJdEtLqduA.jpg
interior,4,zGB-aGpghsNUn7Y-zIKB-A.jpg
interior,4,zNAOH91qMA2EVV3Zua_8hA.jpg
interior,4,V-49fpsMAXT4Iu2bMcRPKg.jpg
interior,4,k-GCMS50pmytFf2L7ykbNA.jpg
interior,4,Q7v-oCv55Iw-vcGeGSFTSQ.jpg
interior,4,kNZbl_2V0QL6DeNwRBdK2Q.jpg
interior,4,A9oldmFh0M-hJBkT3z_iIw.jpg
interior,4,MRuc_-Fx71iUf_fqNgtDKw.jpg
interior,4,5WGUNg7z4uRkYZn0NdRWqw.jpg
interior,4,Ubxk953zONwZUh3uYvWq4Q.jpg
interior,4,CMCjscOv7EnKq7-8zcE7rA.jpg
interior,4,yyR3BNHXLvK8hE3PEt8EJw.jpg
interior,4,wJlwPR6JHKvXoEC-HqA9Jg.jpg
interior,4,yS094d6iD5p8nT-mgjw7uQ.jpg
interior,4,MvVuAOUyGQLFMPlzVB1eOQ.jpg
interior,4,sGVWiVxwvnByW_XprSkltA.jpg
interior,4,R4jvrRpsAErOvh5Qge5KyA.jpg
interior,4,zkiUalalt0eQgehL7RxI0A.jpg
interior,4,-NJ2EQdUEZyFtv6x_g6Lvw.jpg
interior,4,U1MS8pp9OXv8uSpbRQPH4g.jpg
interior,4,Cp6BkhQQKKeAZdcyiZB6Eg.jpg
interior,4,MA71mxsAKvvLJ_V2Il17EA.jpg
interior,4,E7vTBkdwgRVc9r31D8PUnQ.jpg
interior,4,rb--IrruL9aziNoSrph8zA.jpg
interior,4,axClVrNvyFGFiY3GiXLNqA.jpg
interior,4,Z_bbtzlBz2mN7d-OS0sxAw.jpg
interior,4,V5XpMMLiIs7-VDdwYPF1Dw.jpg
interior,4,s1q18ffT7T-KYwaqkLsrGw.jpg
interior,4,RjOirV-emTWgRetsbJQYIg.jpg
interior,4,E95MpiW6vQjp4o-gENxJCg.jpg
interior,4,CHd1EHfp__vl6CrHnzyFzg.jpg
interior,4,udPdUbml-oYUAXfQvoFrBw.jpg
interior,4,NM41FuPiaEbBhwbKpwov-A.jpg
interior,4,CSiqr8E8lPMMaybExQSVKA.jpg
interior,4,1cNdgg_t-Ai2c8fX9dzncQ.jpg
interior,4,coEMPch9-YLrp8-Yd7Httg.jpg
interior,4,gCDxAWSWLF48rwbSsKAoxQ.jpg
interior,4,aoE76Za74Al1Xx57pDYRGA.jpg
interior,4,A3s3N5uLRUAj_8n9SVt1Sg.jpg
interior,4,4SiWKSE5VF4Qn3ZZ4K4CGA.jpg
interior,4,AlOEKjU1cpTNli5b_YnNdQ.jpg
interior,4,TRHApKH_Hqou_IUfVU0eTg.jpg
interior,4,KXrp0u-Bl6jf-5Iw90PDQQ.jpg
interior,4,KJw67CEqaz9ih51OPUkjaw.jpg
interior,4,TZtCuWTjVGtUhRbB10dPBQ.jpg
interior,4,AVSbDbRniPZCWz2IlEaaaQ.jpg
interior,4,X8xjTvMKkJkYyKq5uXv_ig.jpg
interior,4,6FZAEY-qj6nEwoZDhtc9-w.jpg
interior,4,819gGES1CvvzIM_TWbQFNw.jpg
interior,4,nwd5YMxkRqRaohrBktB-eA.jpg
interior,4,1oPFeMc07X-eBAzbRBwV1g.jpg
interior,4,MRvXMKCk1dMNvFplbTAmPw.jpg
interior,4,aXp4j6UIkoYBp5FmVXM2DQ.jpg
interior,4,b_n7VSsxySSHD80k0UIvUA.jpg
interior,4,VZKmPvtTwAvL5JyUpJjhsA.jpg
interior,4,-INO8bvVaQbzWNLw6394MQ.jpg
interior,4,lg1Zo4afbwCqv-bdS2Pgmg.jpg
outside,3,yxSNEuwrRYIV--DePMhjVw.jpg
outside,3,AjI1OaMSu5dhlG0vHKMN2Q.jpg
outside,3,v4-yL2HDIMcuhyoxuSwC1Q.jpg
outside,3,kvGKI4TbKum6aup0aKCWbg.jpg
outside,3,_hKBXcVFEHaan7jm6Al7ug.jpg
outside,3,g9s7Bkye5igAepukzAnL-Q.jpg
outside,3,lyenUPIWNJdKkgo-0DVSNw.jpg
outside,3,yXBN6z6_1tIPKuswt-v3qw.jpg
outside,3,qAqzdXBaM-kCrHi_5UmUbA.jpg
outside,3,GwZcmLWYfFc1F6Q-jXXPNw.jpg
outside,3,_bWRYhXb9kS0jIK0XceUlQ.jpg
outside,3,x3qejpDEgpofk7jImIXyNw.jpg
outside,3,cBPFAp4N_M4nWDhKLRrAbA.jpg
outside,3,bzSP_6JlxTcxGEM52gQNsA.jpg
outside,3,rywFSxPW0NAbsWgV7CtmWQ.jpg
outside,3,BdVcp9VmS8dfNfqUWtkufg.jpg
outside,3,bEY13jSnRjK9I_bEXNPx-g.jpg
outside,3,i8Ij2fNInkNJTrZTLjdkUg.jpg
outside,3,B_MzJzLMbRF9_tBDk0nCHg.jpg
outside,3,Eq3MlwrTkM5Sn47qizGkJA.jpg
outside,3,ISEkfhne8qd00JMjXRFw-w.jpg
outside,3,UtjxXtA1AW-caBTtkk-2wA.jpg
outside,3,iB905WkpToW8Aw6x1hiDXg.jpg
outside,3,vsysC9mQHEUu5yBeLCQoDA.jpg
outside,3,QNXPOz6Y5TqRtQ7EbuDYXg.jpg
outside,3,yB8BvAxv73uAb9ntquwHqQ.jpg
outside,3,z_ltYOqvAn4uRdGY8QqcXA.jpg
outside,3,QRrO37xEHpkQfNIIUKs92A.jpg
outside,3,oHnghHXribfhTMyZGOeLSA.jpg
outside,3,aGlHO1J6qXvpI0ZwwQysVA.jpg
outside,3,7wkiZMJ0nf01WcRZ-i-ccQ.jpg
outside,3,uF2yBvEMI2yy2CU1SjbZIw.jpg
outside,3,d9Mfyje2e9L9LFsRiMtjrg.jpg
outside,3,t84kXhXRebd0vLgrWu3Elw.jpg
outside,3,NF1uHvLhaLIHbOlZyT_hvg.jpg
outside,3,wEOCe5v5SCgI7hWJiLfUrA.jpg
outside,3,x0zY8a9y2wo5Y-VEVYi0HA.jpg
outside,3,zrPFwxc30ROkfkbihTF1ww.jpg
outside,3,tlc9xQdhcxptrOs1tCZALA.jpg
outside,3,RZSCrY3pibFX-pCiu91KAQ.jpg
outside,3,fJz1QBGlhBA8jffeK9kdZA.jpg
outside,3,3YwynFZoumVMKaiL9nkbng.jpg
outside,3,c2zgfEP6oWLZR0bp96nNdg.jpg
outside,3,7lXhna1zkBS7nBuWOMqlBg.jpg
outside,3,q3DfRT3T0BHfsKySIS1umA.jpg
outside,3,pfZ6-D8gPCsuAk2oazxttA.jpg
outside,3,zr4ZuaiMiodH6I9RSeRqCw.jpg
outside,3,lbHjX9_vkYhQUJejTCmAKA.jpg
outside,3,s2-vS-6Ux-5lKIy7TrVOrg.jpg
outside,3,pT8YFuPk7xYkwqgnKNrGcg.jpg
outside,3,XheZNqE7xCqXOtUSXAwZPw.jpg
outside,3,RuJ6rQtq9199gnFGDOueYw.jpg
outside,3,WtnPtp3Mo1c5bPNhfwwMMQ.jpg
outside,3,LH_hDCDurPcW3v2e9ieBqA.jpg
outside,3,qsrJAVm9o93XOfZq4zZPAg.jpg
outside,3,D_N8R8RcswllfRtXuilecA.jpg
outside,3,znFQo3WQJiaLtHyMfOpA2w.jpg
outside,3,rMtrCLTyDE8LxN2wSDZEdA.jpg
outside,3,EOBSdxjgDnmuKfXe049_pw.jpg
outside,3,2I46BKJRyHexvmgy_aAhLA.jpg
outside,3,enufZIT72OoGDWGkNSoIcQ.jpg
outside,3,1tUjF7-tHZvsqQ2qTRV4lQ.jpg
outside,3,rLlPUZsd8H8E3Fa4abZfMQ.jpg
outside,3,hGVrjAk1IM1Mh2IazBd36w.jpg
outside,3,4iajJLtow5uBMlicXJjHzQ.jpg
outside,3,ni_C3ZgC474UHIrvI-N1DQ.jpg
outside,3,VrW4DYptn4Mm1dPbPObFbw.jpg
outside,3,SehJPhecUrhzLwnJdVj9oQ.jpg
outside,3,k6zOZ66I9h2M1s6REArt6w.jpg
outside,3,CU3exjVICUP0M4yU55CNgA.jpg
outside,3,m7a2tKu7k6Sqqfxk7L4fYw.jpg
outside,3,2rDHHTWnSKZfJOj9KQFb2g.jpg
outside,3,0K2xNLPnMWbtonU5faFfRA.jpg
outside,3,KpDtGYmNJ4UqBj59rEIPeQ.jpg
outside,3,qhVpsaXEmTiMyMR_nq8bhw.jpg
outside,3,6x90jnYGvFo9oo4nhSD18g.jpg
outside,3,9b2DUm_NPjS9f4xbRjE71g.jpg
outside,3,KNyQmvXVKXiWUqGA4RU4Fg.jpg
outside,3,ums_G98dPfgB6cPAq-Rk1g.jpg
outside,3,lfY5ojVUQtRu-gJn3OALGg.jpg
outside,3,FF7gkb1sR5Ty1XejtexOBA.jpg
outside,3,YE4zHuXtrhCbN26vt--ulA.jpg
outside,3,pwuNgGi50T-9j90oTaNIAw.jpg
outside,3,XKM-471dyqhV2ncgGm66KA.jpg
outside,3,alceRMzK2mBTbm9hH24K7g.jpg
outside,3,nr6niuEsd-ZoE9DmDbiUww.jpg
outside,3,3TqbWrCUx_b1RdXvaJ2geA.jpg
outside,3,uEPg5rG5L1kPyGGMhI1KjQ.jpg
outside,3,OuHgk58SBkR6eiKgE4VMEQ.jpg
outside,3,aV_PjJTyYs4F1rswXAr-Tg.jpg
outside,3,3VnC55oJxIFd-9R-vOvnGg.jpg
outside,3,9hgB-c3rhA1Dve3an3lEcQ.jpg
outside,3,ZgzLDnV8dwthZ0XSYkKd8A.jpg
outside,3,h1uq0VYbHx0BVx3bw1LIAw.jpg
outside,3,0fh4pLK51ONhb8PbI0CTDQ.jpg
outside,3,i3FybE-5nHxWHYhldjMU2w.jpg
outside,3,-DiEMlKxsAXnJ0JX1Qu-eg.jpg
outside,3,3JX8RKj48qU2UnCqHigquA.jpg
outside,3,2qjsIviiJDUEjYlv6Zr6bA.jpg
outside,3,RFqiEUmj-HL9v42SiX5T8A.jpg
outside,3,SPifTXtBKSoSSiJEou1Xiw.jpg
outside,3,U8FvJa0oBJ3tjIjE7_aUeg.jpg
outside,3,LUsMedsLaUMJQ4zAFMafwA.jpg
outside,3,io9IoRkl0dSXE6sqmkIrIA.jpg
outside,3,ecpwkc6zifzy1cgrYe4iWQ.jpg
outside,3,TqZczzdGSmkyh_AgCru5aA.jpg
outside,3,XVuSCh94HtQ2tTWOYVYOuA.jpg
outside,3,o4wwxfvsqjDwUIy_syk2JA.jpg
outside,3,3yjqiSgzBMvbk-Et4THfFQ.jpg
outside,3,U4xzbsggZUQEfqbKEHawWg.jpg
outside,3,6oKJp8O_R8CclCEHEBfZWA.jpg
outside,3,sUr_GKEQQmGIVxbJvKOdcg.jpg
outside,3,ASZkAiwJdYymfdWgu2FbWA.jpg
outside,3,eh5LxD5LLTv9UikjCxpsxw.jpg
outside,3,GxB8gtgHi8o30uzZagweiw.jpg
outside,3,mQLiboZmFbGo8Qel9hn1tQ.jpg
outside,3,9RUfPMVSOLTEbxRR3hGOkA.jpg
outside,3,W2ISFPXmiNWWkB4DFu0JvA.jpg
outside,3,dcCU1zR80utDvCmSrqQYAg.jpg
outside,3,bJbNF2dxmrdb8aMMrW3vvg.jpg
outside,3,Slw0-AvGEMxBz_cKyFDtWA.jpg
outside,3,4uvAnAqtsXpJY1QiOGeqjw.jpg
outside,3,3IvIcfTlYV84q5l-BRXlGg.jpg
outside,3,6vLPlzX7TTUR09k9GN7uzQ.jpg
outside,3,u8roDaswWIcvuZYF-kQdrQ.jpg
outside,3,ZlVSeEz0D_rLNJl7yqbHPw.jpg
outside,3,rR7k4_fNO2rjVpiDaO7nMw.jpg
outside,3,sp-xPM4gry6698zEhFu6PQ.jpg
outside,3,Ohf9Rw3M8V8yvlujXN6MeA.jpg
outside,3,iV0Sb2qkxfkZeLyJNJEYMg.jpg
outside,3,liy0F_jhzjqYn1TSI9L6XQ.jpg
outside,3,PcLTOeNn6ye3uz-EjmExpA.jpg
outside,3,bSKB0UWyKFCEOQzNj22r8Q.jpg
outside,3,6W-ZG3h4hSTxZArP9hau5g.jpg
outside,3,r1ITbyJRv-OL3VKTR_g9mw.jpg
outside,3,FE88uWBteiApQFxC6oY9qQ.jpg
outside,3,h4Jw2c7w95F40_jEpPQNwg.jpg
outside,3,ym_dapzx-DakwYYewNYMPQ.jpg
outside,3,-Ha4D9Kxd7kKObTEjMHeHQ.jpg
outside,3,MFLYW28qbiP5ySdGCYDzWQ.jpg
outside,3,SaVzR6_lBM8MXyamIkpZCQ.jpg
outside,3,YiOmZ65x3JAagXlJC50PUg.jpg
outside,3,N92ScR6zmCGjP8GDsXGy9g.jpg
outside,3,_L_4p1TQgzxnDn1l5EuJ5Q.jpg
outside,3,0mOnubkybJoCn4BLT1-jrg.jpg
outside,3,0IQsx9i5C-Ohb8V0Q_ZhfA.jpg
outside,3,OUllrYREhayD7sshYGA-XQ.jpg
outside,3,V-5pOl1DpofJ5wtHE9v0FA.jpg
outside,3,JEKn5c4ffYAgaBugJs4qfA.jpg
outside,3,YJ7B5_xrJCffjxPp8PKVpA.jpg
outside,3,ngCiN42dyjIthRAsm5Q7WA.jpg
outside,3,eFvJSC1uRiFyzLq5lTzRng.jpg
outside,3,Xve2KKBJgGliSWLjnu-ZIA.jpg
outside,3,CKKUimakyg_edYlP0AQGog.jpg
outside,3,JqhD8ppKVR1urWZC_qx9NQ.jpg
outside,3,viYJXH32fQaniJ1yabaEZQ.jpg
outside,3,eFGsVIke3fOM3e_DT0bFxQ.jpg
outside,3,GTRA_wOaX2f_SK2Ptd3mSA.jpg
outside,3,aNlFLazbn5adITOKjX0i4w.jpg
outside,3,BI7-XYlRj0PT1ZoRxsiAmg.jpg
outside,3,svLT655eJ2U59kLLefXwGw.jpg
outside,3,m1zmcyS8vVOjEM6jNY9m-w.jpg
outside,3,UtCiShhb4aZuqdrEAi9org.jpg
outside,3,0r-xGN6x_pCudgN5LAMdeg.jpg
outside,3,YNIaAtVS6ME7c3L5XmYR6A.jpg
outside,3,WJoS2seq1EJNCdjIl-tVfw.jpg
outside,3,aV44MjxFKQPo1ncJKywV5A.jpg
outside,3,FTvqzaEtOn4ksXy6zPWsCg.jpg
outside,3,c7sjLZPmUnHDMp_BimquTA.jpg
outside,3,LZUhl-hywD8ZShZs2QXSFg.jpg
outside,3,mjZzOvb7tu72GP27g_6ZQA.jpg
outside,3,QAI1gFCz9oTHU1HN0sIMDg.jpg
outside,3,VuEqnDs8nAmu1h9vTMPocg.jpg
outside,3,wxze3oBPbKMPuFNcqndMQw.jpg
outside,3,RE4RZvs3IsSl6Nl3qhRIbA.jpg
outside,3,At_P1vw78e2XRyTlnBnFoA.jpg
outside,3,dZ0zCg_0NIChI3UiIgJW6w.jpg
outside,3,r6sqkwAEIdeZl-IVmgMkyg.jpg
outside,3,AGv4lmjxUHtGTuNuENIkRw.jpg
outside,3,r7mkZnRlFbWnxnJ34get7w.jpg
outside,3,YNAE3aT0OqhJoHFf_JhzeQ.jpg
outside,3,YqvaDMLwIehZzT7T9f2Wvg.jpg
outside,3,6qlAgFHyjRZL01dE9Hw7xg.jpg
outside,3,BEzb1tLULZYbnRVpuDBdlA.jpg
outside,3,ZJTMs68Zz9cY2IanvTF_YA.jpg
outside,3,7QkmlMXr_R-GfCsz-73Tgw.jpg
outside,3,iUa8-gWi1DWMtdItEaKicg.jpg
outside,3,f21ZymGCRp5QB6CSZzWMQQ.jpg
outside,3,SBmIFgBHls3sAGKBmCsLcA.jpg
outside,3,Nbs1MQeLCiheXY_M_rXKRw.jpg
outside,3,-NPOxHcDSJw_ltawmkq7CQ.jpg
outside,3,rDBSAEnImrgz0Cj56WkvXQ.jpg
outside,3,A_ix0bA2M6w6ZPiTVe1WYA.jpg
outside,3,gu3GoOAXyjl--j25aHzrDw.jpg
outside,3,qf_eB_P_xhPQT9bgozqUlg.jpg
outside,3,rEqQdPkl8j-Ile3lo8GaWQ.jpg
outside,3,chJ36HqqSyBBZPOX5SdJCg.jpg
outside,3,FK_oTOlNlh0iXSsHmcFG4Q.jpg
outside,3,zJYMQyvexjRZ3iZByB-Gqg.jpg
outside,3,BAq-ohXnPfYxF6m7jEHGSw.jpg
outside,3,ylUNTiJ1jIib0Q8OwSEFjg.jpg
outside,3,P37_QvOof67eBYe8R8kKOA.jpg
outside,3,YtqcRsF4a2nNI0DMiFe4Yg.jpg
outside,3,rtEiF_XiWzBQ70wRS8HNNw.jpg
outside,3,KQpd5lHZndipLRO6mVGzkw.jpg
outside,3,5RSbfKuZSlXgxQjOWSMsSw.jpg
outside,3,cLabWf62kWi04PkrKeJMfg.jpg
outside,3,24Jat_rFP5SgH_IOGFMXZg.jpg
outside,3,98qOfudfI7m0eJxvnkWJNA.jpg
outside,3,rPdLpzdZJ6Bz_LtdlgjUxg.jpg
outside,3,Ot9jExVBqpd8hCsFcGt7sQ.jpg
outside,3,ht0XnC67wdCqYDQBAY0KkA.jpg
outside,3,SLLp3-jMA8ybkloKuFNTTg.jpg
outside,3,d5htOo-peRoHpLqBpW_lIg.jpg
outside,3,effcj2icflYTDGV88HQImA.jpg
outside,3,YTi3EGrBsECYpZSxvOQ2KA.jpg
outside,3,I7tAnBvdsHWwl6ElY1WYJg.jpg
outside,3,wbTe1v-TXxsWCiwBbfiIdw.jpg
outside,3,NevMAdsG0O8rKEU8oIh7zQ.jpg
outside,3,3RPN6Zl5nqdrhUKckf3i3Q.jpg
outside,3,xSnSbsmgjXthc9JqfTYqUQ.jpg
outside,3,ZFeIvDNqq1K4fuZtzoL0pw.jpg
outside,3,OV42XLWPGlhGEGZSswOSxw.jpg
outside,3,-m_hD8fN_wBdkTbni3syIQ.jpg
outside,3,BgiuyNVCz3lGzaIH14cRYg.jpg
outside,3,6b2CAvdpnfhXy7dmO3mMSw.jpg
outside,3,VlE0qNLJv8KNylQsNSNggA.jpg
outside,3,m-m6lK-O6SAay6JEy_egNg.jpg
outside,3,7d9SJdPAXESbIMxdaoU3Vg.jpg
outside,3,NL5KURgWxl93mMzpHCWykg.jpg
outside,3,V0CfZ42GkTTW6eh0Isroig.jpg
outside,3,xwEXbHk2kDoUT7N18Yuocg.jpg
outside,3,40T8q2OSh66Z15Sfnu78AA.jpg
outside,3,khoE4gQpkKd_eXM1SlnVHA.jpg
outside,3,V4NJ8-mxfDDinbF8iPLNSQ.jpg
outside,3,uuRGY6xwt6PWCLtt9R1pXQ.jpg
outside,3,9JsmeEyMHCPRH101yL3zZg.jpg
outside,3,LmZo6hLXmnqN9oWX53spnw.jpg
outside,3,lxrfT6Ph-xdZuPoELrSImQ.jpg
outside,3,FyOcnFGLBWiMojOIGHqh3w.jpg
outside,3,KMIY1TyXzzjqkxSwfTG-fA.jpg
outside,3,Sy_Mu-i6AcEXhIVoB-mJDw.jpg
outside,3,Uk97jjMx2RqwUah86SLKFQ.jpg
outside,3,McBXhBQuUyvPUlxF7hyBeQ.jpg
outside,3,0z_xZ2b9Ke__kYyfSZPseQ.jpg
outside,3,cIjTZKvU500CVC19smdmFQ.jpg
outside,3,cIzYGqjinQABW28CUgdUhg.jpg
outside,3,7-l08W-_QxXpwimLNr5FnA.jpg
outside,3,UHm3DVcknwWgIgR6eXnfMw.jpg
outside,3,vOWx07aKh7qkrYIDu_bYDA.jpg
outside,3,DuQld-q_cxoKpadfESMHUw.jpg
outside,3,4m46S9VwNC7wpbWinOxhTg.jpg
outside,3,r2-YphgzgaTI2Ic4koAFNg.jpg
outside,3,UmZF9ZgW98MkXT87WEcRAg.jpg
outside,3,KQSw5GxBQACQCTUZyhvzgg.jpg
outside,3,9iUfqzOUG6_twE1PCXHBQA.jpg
outside,3,0__YNip7V2asBgGRU73sMw.jpg
outside,3,aPurnOXWHTyguu-qbMeZsA.jpg
outside,3,0V_-_jFe6flEHzqVQhK0qw.jpg
outside,3,LZd2gpnq40wispSoPVeXhw.jpg
outside,3,m_kT_qnFaKMzE9UIJrjsPg.jpg
outside,3,NrvrhK7y10DUwYHjjrr2oA.jpg
outside,3,SYxyNBNnlALOLUqb-d3gdQ.jpg
outside,3,icAucs-aOro70foKu-uR2g.jpg
outside,3,OwRZAFibM9WjCZVhuwtymg.jpg
outside,3,heFXl2Pz5uGa868FU6Kafw.jpg
outside,3,AHBc8magCwImrwK6xEFvJA.jpg
outside,3,IMFeESLB4fVQcmzoLIcNBA.jpg
outside,3,ozVohH02IdtGAUtOIvoz3w.jpg
outside,3,M22Z-1Ek75LZL2531Xgl6w.jpg
outside,3,xSs0rSuEO9z2qEPv0bZ0vA.jpg
outside,3,7ghHKplyJdiq8UroF9Bx8A.jpg
outside,3,N3GST4lr_Ma1L7fJz726Ng.jpg
outside,3,AO8myQDTOChSChrF5eKc1Q.jpg
outside,3,CrtNjQzCeN6uB-JUlkR_VQ.jpg
outside,3,-qbRhNNWCyUti_JxlrPnNw.jpg
outside,3,MwvzRBdwKdESxl6u4TaSTA.jpg
outside,3,PJ6mlPEhoPx7ni4rrVkl0Q.jpg
outside,3,3u2utAMkwB9fN1xY-0IE_g.jpg
outside,3,1DQKkP51m2pOe95rF0izIA.jpg
outside,3,Z-tHKg8QNq2zaTDUcQ8Jjg.jpg
outside,3,vhKEK9-7s-sdELb5GcTQQg.jpg
outside,3,qM8Cg00lrxtFm2sucD9Nuw.jpg
outside,3,cbsmVSKOoZpTQN5aP9YgJA.jpg
outside,3,a02It9bjIKe4IC2h5FOBdA.jpg
outside,3,-0WQkdfa7S227_BQXO6W0Q.jpg
outside,3,onVPdR0H1iDaD-f5iw4kww.jpg
outside,3,aHvS0WqpKLgRaMQEywETDA.jpg
outside,3,Becm0u-0yhJ8Pz6FEwHqHw.jpg
outside,3,fQisaRINsPQPj5DARtNWWg.jpg
outside,3,eO7kGGFrR50LJiKFCpJ9Wg.jpg
outside,3,b94uxnRyutdcaCrD_M9H_Q.jpg
outside,3,2FWJYWY7GcMO4253gJtftA.jpg
outside,3,0nIRSrwVUU2iZjvFHpt-ug.jpg
outside,3,snK4wX27-bNQ6-WvokjDQA.jpg
outside,3,9B2ny0NU7ojQ_ieOlJ9CAQ.jpg
outside,3,DE523Iq0QsmxAG-qwIiJyQ.jpg
outside,3,pDLPnp2KzfRqzxZP0gQm6g.jpg
outside,3,WeNMvSD4Rsi6vUg3vOceMA.jpg
outside,3,sbF36qO48POCJKOYvu2eUg.jpg
outside,3,rKBcf5ziMMG2FVevtFwPHw.jpg
outside,3,C0MAMOPY3zIZkYdqV7bLag.jpg
outside,3,vMdlMOKIlbme-JmBhHAmcA.jpg
outside,3,6qyacGYR1cfs4sApgn6e5g.jpg
outside,3,_GwZYcU0IEN7d7g0myIQrg.jpg
outside,3,1gkj2UleTz-jlQouCeBdxw.jpg
outside,3,NYgMBcL_exNMa9jGObTAJA.jpg
outside,3,rpKiAuvOjfIjUKd3P9_qkg.jpg
outside,3,FCQW69HX4w5sI0-YSb3kvw.jpg
outside,3,XuZqkJjvK7IGooaFxznkGg.jpg
outside,3,pEctUBYShFoPEhUIo1GRtQ.jpg
outside,3,V2aw-mkE110Ftdv5AwEUYg.jpg
outside,3,zB1N2EFQzd-ZnVqqAF8b1Q.jpg
outside,3,_f8WavZjBsMicHPjEAbs5Q.jpg
outside,3,wkRbbkPZFmV1Sb9De7mp0g.jpg
outside,3,RhTD3J6twxPWmnDxDfR1xA.jpg
outside,3,QRo9_wd6r1nF_lilA_gMoQ.jpg
outside,3,wRHxhbmccvRPvScQLKxFPQ.jpg
outside,3,xPCKwofdeHu-_HyUpPTTEQ.jpg
outside,3,Zo7PBxcwFY4Gu2Be-c2Qlw.jpg
outside,3,WaNCgE-jns6e8xWpC-wEWw.jpg
outside,3,Z2TixBDadFXjnjbZaeL3eg.jpg
outside,3,GFr6fJbzfar6Et8H91NCIQ.jpg
outside,3,DmVB92mJgxxCsEJyytOsRg.jpg
outside,3,FMuA9PC2cNHonh2cJly5nQ.jpg
outside,3,z23uc_ZxTvtiL__7CjN-tw.jpg
outside,3,hL4hm2gYFK70vDiq7cv1-w.jpg
outside,3,usH0G9OgJkxOEkFQSjrXJw.jpg
outside,3,4PBz21Ms8qR1LvZQ7kYdaQ.jpg
outside,3,Oy3Qd71MqWOUCSq6j6SywQ.jpg
outside,3,kpjTRmQ8zcBnyT-ar3QfxQ.jpg
outside,3,d9k63K8Bw4kL-GiVBnEPjg.jpg
outside,3,hTp3uEAWTx1BX7R3DtLuYA.jpg
outside,3,9Ol9mW2Z-QPxL5Crrf9acA.jpg
outside,3,hGEfqLg-SVxGUXAVWr-X0w.jpg
outside,3,MEZl4aHDuJqfL39rr6wV7Q.jpg
outside,3,c6GcR09SVZRqZ6KIkaJ4oQ.jpg
outside,3,7tSJU3dGj1UPjwYvsCRo1Q.jpg
outside,3,A_g8c_rSw3g4OQ0DPRfubA.jpg
outside,3,XPzd0USfhK3Mbqfex9HWCA.jpg
outside,3,obc063H7sJBDilntAslM5Q.jpg
outside,3,ViwLrn4fTBa2mG9ZZTC9Ag.jpg
outside,3,H1M6pS3GpNrYCvaSqxQTUQ.jpg
outside,3,sRwdPYWQX8fOJsfit4Qb0w.jpg
outside,3,o8liT4171FLfRoPbG5QLDA.jpg
outside,3,VSH4EbbYtcQaESG9-AoQqw.jpg
outside,3,RD7Ke3Z2DUjdYko8RPL1Ng.jpg
outside,3,0WZ6ImDmupOfz3iz2kCGaw.jpg
outside,3,Z96rulsgOYjam2COaRPU8g.jpg
outside,3,YBlZ2lkE6b6ZVTZ6LMDhfg.jpg
outside,3,W3F4AZy662FSvFwMHAMbvw.jpg
outside,3,kWEuwL1lqUConn7j86iGVg.jpg
outside,3,D-zQJWEAHup9kv1M5toi-A.jpg
outside,3,EEJGOoArx2bheTLzuT5tew.jpg
outside,3,bay76pTW2SsUcVcA1meccw.jpg
outside,3,j85g-ANiWnOZNQHm3yoA2w.jpg
outside,3,6j30OCCqwEBn-R6tqVC0Tg.jpg
outside,3,FLASLdskfJIbFJ3hVdj1dQ.jpg
outside,3,yLEEUhhlA3K7DQY3R7b8hQ.jpg
outside,3,97h6cUELCUsYf3jxOB1bWQ.jpg
outside,3,09S_oY7yiUa0tp8OHk56VQ.jpg
outside,3,l8U5cJnyPEUNv_pIov9rAQ.jpg
outside,3,B_WbJZNkH6NzYWHxPmNl8Q.jpg
outside,3,6ADciT0DQWYoKymX1jMzbQ.jpg
outside,3,wPviSjOPqKjpE4CEQWdllw.jpg
outside,3,gx1UH_ZBsFe9ulgynUDmDg.jpg
outside,3,qJp3yafUNN2EOi7AWUP5mA.jpg
outside,3,F1iojnfqHwFE_qw8Uyt51g.jpg
outside,3,y0YeJzCzo8QCwkl9RygkcQ.jpg
outside,3,xMwzp1gmvzQEHNmpTqXsJw.jpg
outside,3,38jyLBlX5rcFeZ2ErQ0iyw.jpg
outside,3,IBUvE1PEdiRtxeOHzmnIsA.jpg
outside,3,TN4_ZBlDzaXCRKEjpBgMZw.jpg
outside,3,5AswLCPmkDqT-kpyYFDnvw.jpg
outside,3,rxR1CS_QF1sFb00PC9v3Hw.jpg
outside,3,DgueWAljaqLs8y9-FbbdKA.jpg
outside,3,0kLT-ZSaSNJNKI0Fh8yMMw.jpg
outside,3,MaGxzaMV0GOCvEvpn7Q9IA.jpg
outside,3,uLicBX2amuMnVHTn6YMvxw.jpg
outside,3,TzTBhFKfCAvvc0YFUMcj5Q.jpg
outside,3,kHqwGBPFQ6lY0R7NCf80WA.jpg
outside,3,a0UAkk-zyQOSGasa0CfOAA.jpg
outside,3,BahhIUJ48cTJolCaUwl6BQ.jpg
outside,3,9OTgjggv0yYhOqfi2cPOZA.jpg
outside,3,x21j1zU34l_I1ajEuY2XQg.jpg
outside,3,cq8MyNVn0hvf-U-p6U2B3w.jpg
outside,3,P849Yn2Dhu6IYxijHWx3Bg.jpg
outside,3,TrBXL5JK8_VdMRmGVVppHw.jpg
outside,3,MK2--o_wYKkE5fdY7Ga1Hw.jpg
outside,3,o3Q02W9LHgrIDE4USOfyEQ.jpg
outside,3,u1BekIMlaX4PkXuAsVbyng.jpg
outside,3,7J69o33syJo0itxlHDPunA.jpg
outside,3,gvMTMdKOCJ_YTwuOk6enGQ.jpg
outside,3,NCy1tGc8OtOT-8wQV1G-9A.jpg
outside,3,KkT4xnFTm5Zs2I-d-2lPOQ.jpg
outside,3,qcY0B5VKMms-raJI1wc0pg.jpg
outside,3,DN6H8rIDAbmRnIvld_mWfg.jpg
outside,3,bTbzi2BNPBW7v-3WGkBuKQ.jpg
outside,3,iDctv_oPZGrtJvljKd-1FQ.jpg
outside,3,c0B_ncRwNyFfyepiyK7jzQ.jpg
outside,3,CTVJZt5abQSD-UFA08puRw.jpg
outside,3,PcXuHfqIRz6-h68yTCz2lg.jpg
outside,3,sbC04MHoUYesm86vdF7RNA.jpg
outside,3,m0BdjsVhUce54nGsHp5PSQ.jpg
outside,3,2nOMhod2sggZHzKVipP7gw.jpg
outside,3,pBHv3gmVkqYtJRNiWkvWxg.jpg
outside,3,muogt3e8tCsqIJ-RLAoixA.jpg
outside,3,q1V7CWO-QLY84amPsEqqAg.jpg
outside,3,M0CHVwwpqRxkP1Io5_JBDw.jpg
outside,3,O9X8VColEmGV0anYaYv3-Q.jpg
outside,3,gbfMzoJ10RE3nLBUtkbZAA.jpg
outside,3,o6eS7yw5gDeD4ep1cSC1XA.jpg
outside,3,Crc5kdjMb1M-nPedAvgwXA.jpg
outside,3,42JrygAQ6QRIwd6LnpCu8Q.jpg
outside,3,DGRyfxZFDGyse8uXKH3bCQ.jpg
outside,3,4GP0p13veqxnMhlkFGJiCA.jpg
outside,3,AFDf4u4eFl46Bsj2UBBKNw.jpg
outside,3,FRMLfqbvFUQT3uhlIf3UOw.jpg
outside,3,-PtJY5mR5B-45lbDEMNe2Q.jpg
outside,3,4D5vhyuapgPkde5082uagA.jpg
outside,3,nicIW2zQ52X7PkClEVflUg.jpg
outside,3,S8Su6DiMHmEsVfX-8Hgbkg.jpg
outside,3,C0bobUujnl6vNZ5zEThWQQ.jpg
outside,3,rggGIQoLBGa1kRvhFtI6ew.jpg
outside,3,CGEzRu8SAkrIOlOJ3fjl1Q.jpg
outside,3,lDheV2vt4um4QSdiMFMkIg.jpg
outside,3,2rznu1frltVWoS3r5VmEZA.jpg
outside,3,NexVEEbUf5rWCgi_2fRYMQ.jpg
outside,3,8w1McRRac-nnbS7OOG8tbA.jpg
outside,3,PSZHLeS9dcTODFYF75GhCg.jpg
outside,3,hjByosMgb5P3XitQ4GY50A.jpg
outside,3,clhZoQnNeQCbty1hEz9WRg.jpg
outside,3,DILDzkYqgVGruRZJBg0HeQ.jpg
outside,3,n4MPQ8Rf6G8Ev4yfRuNnqw.jpg
outside,3,vGocADQv8cY-20ogXOHhaA.jpg
outside,3,DsqYItwf6zsEZLL_Z-8ALw.jpg
outside,3,TU_nGTxK5NhiKnGU9RyAZA.jpg
outside,3,CdcXEDUTAfuv9tPQEr_zSA.jpg
outside,3,u-IGnsMC_fCqbqc2LOAyjw.jpg
outside,3,P5J8PmeLOLho5BWEK5gk8w.jpg
outside,3,NaomkYPqGleA-pOLek2ePg.jpg
outside,3,HevZOnhkfdFrJffg1l1aEQ.jpg
outside,3,jZOpbxTyYwyC69CNw7s98Q.jpg
outside,3,VDneaSguzp5UMrNVZZSSpw.jpg
outside,3,vZjXEwLl7dXoKgLXVgDPJQ.jpg
outside,3,3rSB5-oYgxJ7eOWGnEJDOQ.jpg
outside,3,dKSavPni8mM8r9IFhshPjg.jpg
outside,3,QJGTHJ130J253T8culUXZQ.jpg
outside,3,DIa9X8AQcEQmvCKHWYCLZw.jpg
outside,3,tq21N3OSE4OUydxUTtXPZw.jpg
outside,3,FMRdBJwxQTF94ar5img92w.jpg
outside,3,S-DouSKZZ21TX2LEsa6toA.jpg
outside,3,5L4Yd9TSBk7_MLyr9u5gDQ.jpg
outside,3,vraxuhXhZsX_iRBndDm-cA.jpg
outside,3,IK9wQvlxblK3YB646hsyVQ.jpg
outside,3,kAxdY76nAYRmukSLI-y-1Q.jpg
outside,3,6K9yBFPng4c-i_R2P4YVDw.jpg
outside,3,aOligdxgN48p174UOAiUEw.jpg
outside,3,JfziohccXUaJ1GxU26XEjw.jpg
outside,3,pj64GclEQOiBAmOzRlf9cw.jpg
outside,3,czicLUQZztxWO2JHhhVsaQ.jpg
outside,3,QCFS1t364tJbbO_4s0h56w.jpg
outside,3,IdVY1PZnML_CN6ylHOELKw.jpg
outside,3,nAvU6OPyBRSSA9WLzqzRxQ.jpg
outside,3,3SG9-ej8_Tb6V8VnAGWlTQ.jpg
outside,3,U8_zYziAloqjrcrfs5fnUA.jpg
outside,3,9lR9TZ17-24CT8wAYQmnEg.jpg
outside,3,Bys2KA1wukFKd0f2LYBBTA.jpg
outside,3,iKn64V9dJ5NHgY-zaeDRQw.jpg
outside,3,NticRpK7Jv8ilPu1xKhjDQ.jpg
outside,3,O-c8d9VqG58-IRd_7mZ3HA.jpg
outside,3,GH-luoXue4a4NQjAqJc6WQ.jpg
outside,3,JaVHx5VNhzsAWOBN4tMZAQ.jpg
outside,3,htPsDO0npJEUwLHKkjfTRw.jpg
outside,3,qrPmLc4RE3gMIfMZPAosiA.jpg
outside,3,9Y2FnvKCCGyeREsjiCpT7Q.jpg
outside,3,uXgZDvh5arx7F68eO8lg0Q.jpg
outside,3,BfyiaxL4BL9X03LtEFf7sQ.jpg
outside,3,2mPnV3gVbMobDjKPPuFHQg.jpg
outside,3,3KH8KTRG4wtVNjr-XQ70_Q.jpg
outside,3,c---ag8rFe82Xi1SrUp6IA.jpg
outside,3,dFjX880xw_M-Arr0Tqsg4g.jpg
outside,3,GQ9P-lPAo33hTALGe3XiDw.jpg
outside,3,eNHd6H5DsRKNNyOwJf3XBg.jpg
outside,3,xLA7aoKdpVGEYDmnPBhU8g.jpg
outside,3,qpGJyqRVP_SQXT7Dj29_lg.jpg
outside,3,oAX0el9-otaWmCTIiH7VCQ.jpg
outside,3,NcHuNxI1rctD4uHad9iEPQ.jpg
outside,3,2BMlUB8HSgixM8BymszMeQ.jpg
outside,3,SKrcv4it-zR0LPij5FrIow.jpg
outside,3,Eq8QtJYo11eP-bXSEqD5Kg.jpg
outside,3,i5YxA-_W9ZHlQYLlhkI0Ww.jpg
outside,3,yqDBiCtWDp57wdzhgnNOJA.jpg
outside,3,UoQ7UtXlEyXTkozAaXrh9Q.jpg
outside,3,qSNLFEWUVdrsW7XN2Xtb6A.jpg
outside,3,sfMvisx-Zwv6_NF7U7CW5w.jpg
outside,3,c73Cgkdgk-QePfRLcSu6aA.jpg
outside,3,ZaJ8D7McYzp1AB_kI9w5xQ.jpg
outside,3,CNi5qEjTOqL2yZCIqNzOJg.jpg
outside,3,g02Hki3y8m0KAZk_T5lgMQ.jpg
food,2,8469hWaCouH1V_2GpRI6GA.jpg
food,2,oHZOHgbZ49LGvKLPP81qoQ.jpg
food,2,cJFzYXmy0VnCfMlQNZAayw.jpg
food,2,IW1whRF7T7GbKEB47etoyA.jpg
food,2,fzwO_mQr0Xlia7zuBG1wag.jpg
food,2,gL2nTDHRjYxAemtMooEPNQ.jpg
food,2,092yiLJbmNnI7Vuo7HtbWA.jpg
food,2,8qXw1O1f9pqAD0JpksquTg.jpg
food,2,RsLYOS-c9Uhf-zxBUgA3rw.jpg
food,2,SIhOR01x_HHHcO0WiO2bfQ.jpg
food,2,pjLoEhfPsY2ZpPVdy8BLWg.jpg
food,2,V9y1TIEv7VEPSs_ZMk94Yw.jpg
food,2,NvYepXi2d2Dqasnb0hw57g.jpg
food,2,FOlvVaXYtq5zSkJ00P1PfQ.jpg
food,2,H4XSJbVqAoH4AQrRRZuOTQ.jpg
food,2,-CqEzClFSXaE1q3N45UvUw.jpg
food,2,hjrE_iiLlrzqyl3HIQCw3w.jpg
food,2,TWNBw713BqyPCCZXwCkMHw.jpg
food,2,XBIswBcwrbOaaVQ7e7QoQw.jpg
food,2,emG0QcP6W3AbAdZhvNofUQ.jpg
food,2,jQ-vbcvMHSyaXJyz4DNIcA.jpg
food,2,YZepzZtOZnj4fgJf1BeMEA.jpg
food,2,VHL_9Tn8nvLMM0HMsWa1pw.jpg
food,2,Nd9zK8ua23EpyqJj9-vxIw.jpg
food,2,ePSEE4zOiulib5Q5IdBIoA.jpg
food,2,3-pL8OYCWmqLpjRT9n5jkQ.jpg
food,2,0fv9JSNRheu2c73z-fb0qA.jpg
food,2,OOioMG0g0lAKRkWYN7oG8g.jpg
food,2,WROVt_2cnk0UDjQJ_-1geA.jpg
food,2,J0KLXGmKjuBX1lEYqkJjIA.jpg
food,2,9x_JgHuqQq51_Vm6YK5t7g.jpg
food,2,hOANzpPxfszHKMZ3M-qoRQ.jpg
food,2,cZkH_rJb3dfXX-4X24o6kQ.jpg
food,2,rP4djJu3_blV2KhptCFTXA.jpg
food,2,1UvW8UNfFFse8WlUj_7Z3g.jpg
food,2,6f5122BsR7Wl7j8zifxNgw.jpg
food,2,X3kBLYTKwXtlSfKWmRr-QQ.jpg
food,2,C7oRRm0uwRwgymOD2HSR9Q.jpg
food,2,vhQ0qQ4i0m7-XDoMytSN0A.jpg
food,2,bYL44yOQmJRCQ-Hp85VInA.jpg
food,2,R7NsnGYXOKN3bS7wEiAkUQ.jpg
food,2,dkGnxnNNCA1MhCqtwk0IJg.jpg
food,2,ImiPhN7Zxx4aOkFQmAqkZg.jpg
food,2,GyUaP_6bokeZtwo80IVr8Q.jpg
food,2,7iDfWbp58fuytSYGSbquaA.jpg
food,2,GirHNRY21ju_mq0Rj9ejeg.jpg
food,2,c5ReCyt-xoeHdWMYVC2OnQ.jpg
food,2,Jl5B7tAgq4Hw3lhU4T4J2Q.jpg
food,2,qHDUMt36I87y8uMq5cZQCA.jpg
food,2,M6I5Ekyu0nGwMGixuHH5bg.jpg
food,2,-c7GYVFQYnQNfl5Izh0TXg.jpg
food,2,stwhBMfgqD898wdzNPmrPg.jpg
food,2,oaI3vUvZVKjQhloSdHaBkw.jpg
food,2,KagHOu1rQPLFw7TsJ7nJTw.jpg
food,2,pPIrHrjUcBfgoiQMRsnppQ.jpg
food,2,89M3FS5citM_uJqp2eMcKw.jpg
food,2,QiTWXi-j3_TZAt13_AqlMA.jpg
food,2,gHsSzu7riMlpYnx89_lw0g.jpg
food,2,9uaNDpvyphW9SYoal1IiDg.jpg
food,2,36tjq8sI8RJn-HYByAANwg.jpg
food,2,znkMI6n3IAbAVIhLN4Szpg.jpg
food,2,Tw8H4pGEVOO0brQiM06jDQ.jpg
food,2,w_6igXKuCIpMDtiTsydgAw.jpg
food,2,ChBlXilWFDLLtg5rEcrsQw.jpg
food,2,uOotJqaV8yfxgL6kDPaJoQ.jpg
food,2,zYTtMAb3HyAkyd-gUSXEFw.jpg
food,2,XE8o031abIpAn2m1FaNZvw.jpg
food,2,Kx6tfrajR8eCUh-KSG0Y_A.jpg
food,2,ExUBv1mdFQAowm4IH-FdHA.jpg
food,2,J-786it7JT7IgotubCilbA.jpg
food,2,0JII4MXsmlf0GkQbrwS6rw.jpg
food,2,i1gizEW4L2sjjde21oyN6A.jpg
food,2,OZXeHXP9iUZ6gG2KLhylew.jpg
food,2,Sqzx12g2yYVS54pZdhJjOg.jpg
food,2,nMIP9czZemy0S6FTA6h4nQ.jpg
food,2,ho_c0ExTQsZS0cwFeRTMQQ.jpg
food,2,dLO2iV4a-kqd-FiabceI8g.jpg
food,2,TFGNWBXzz_4PSor6TJNSfw.jpg
food,2,x42cL_mMp81gmkxC2ilSMA.jpg
food,2,r5o8ibE9rE6CMC0tUUfKgg.jpg
food,2,ryaxapiFle1lIbTxSLDNQA.jpg
food,2,spenUHP7Z7Fkq3APWNO08w.jpg
food,2,PEVPq6HyIXkpjGzq-ZWDiA.jpg
food,2,OsynDGmE6uv9EnA-itgihg.jpg
food,2,mHAEyZNCAOJCVyorvzrLUg.jpg
food,2,nggh5V2jaD-7s5QvwkHU9g.jpg
food,2,MsW7EtH4_UM08wU3eHqw_w.jpg
food,2,VIBh5eXq-YNbM3_wucYBmQ.jpg
food,2,VlE2Eb04DNmHw4Y3C6vCMQ.jpg
food,2,1jKqsxmpfEQIXT0Fo6c5eQ.jpg
food,2,r67oH9k3cVncNlM_WQUhVg.jpg
food,2,QojHTGbqCXww6QajptzEiw.jpg
food,2,qdojWmMsdzRsjCuenRg6Lw.jpg
food,2,s3te0Fxvq0BIWIIfrruURA.jpg
food,2,gvuxJjRdcrwVDfssj9y9Bg.jpg
food,2,gfXEUbVuiuTdhPoQM1UJvg.jpg
food,2,EDw3FMyPOPljvFvz_PCicw.jpg
food,2,XFCvZ7U4AcJW_Knc7VuhUA.jpg
food,2,vdAQs0A_Av1NXtZndslJMw.jpg
food,2,YATjkZ6nPjT8L182lZoCqg.jpg
food,2,ijamGTnEUiLC4z-BKoZxQA.jpg
food,2,2eeTIN11hZpaNEfrsuG2cA.jpg
food,2,EUG__ArFOfztZcDsW0Oy6w.jpg
food,2,JzBGEVdn5Oson7qCeC7iTQ.jpg
food,2,_98F9qEfRaaNMvcR_TK5EQ.jpg
food,2,P8fijmgbO19Y4fZNbd41eg.jpg
food,2,Hi8Oclr5GcBMrzuD0HZdVg.jpg
food,2,ebCupjmZL-zBUdEVlqh31g.jpg
food,2,RV7wh5MkuNIui7KG5XwCLg.jpg
food,2,hrZdB_-gW-S1cfig7H2v8Q.jpg
food,2,9sdF4AEvSgEvU96QLPt01Q.jpg
food,2,6n7ixp36ylRkyPwctAeG4Q.jpg
food,2,tL7NhzL-20TJJxG6AjHwXw.jpg
food,2,NezQ7C5T2qVuv0okwZafCA.jpg
food,2,zyyl2s6eWKXydxsGUTqMqw.jpg
food,2,HAbKzenbfZH0acqVf3rXAg.jpg
food,2,KovioQO6qTTgdPKkJ1fJxw.jpg
food,2,he9fNrApEUCJovOD-7y4Zg.jpg
food,2,7QksXJX6ES9QEnAG6FiZGA.jpg
food,2,m2w66zIjBR9glIGsmK3yag.jpg
food,2,LZqiowhQbq17IXCFi9zzbg.jpg
food,2,E6D_3hc4XDItL_wpeQAV2Q.jpg
food,2,y4JpNxyaV9MPB2dY3m-dFQ.jpg
food,2,Arp2juCPArJOO9vpPAaKwQ.jpg
food,2,86F7eIiLnjpyq4qACAwLvQ.jpg
food,2,a6EFdG62vrsnV1Ez6ao4mg.jpg
food,2,d1Wn5tLuiblwPMfzsx4wQQ.jpg
food,2,PWSl21uRmDwpG9wJpkgnCQ.jpg
food,2,Rb37t9eFtTSOGMvsQ3CCQA.jpg
food,2,IP627_5sQEiESl2s6Sf1vg.jpg
food,2,-24sveZPyM8iy8emROEaPg.jpg
food,2,92CoW2jnrB59cmZODMuIDg.jpg
food,2,D9FHb-EnwbXMBn0bj3xKLA.jpg
food,2,XfDyOxw9ywmzHj_OvV65YA.jpg
food,2,F_5fNooG8iATFzG60ziIAQ.jpg
food,2,Mi53hXGJn2mvvazRjm6tdQ.jpg
food,2,zXoFLk5hal2yKuwDXNME0g.jpg
food,2,Ol6kfuxSIyevjUoQ1at4FA.jpg
food,2,nPJuSWYrh1a4HNz-Kb0pYg.jpg
food,2,nW2avaOSvf4QecHUxWpUPw.jpg
food,2,Gv0wSEgIGZq3QFQACtCUfg.jpg
food,2,Aa8shZURmOIyqOps3Smx2w.jpg
food,2,-Fx3uNQk3ua1elXyrUDaSQ.jpg
food,2,xdSmyTygZ4GOw6OwwXvOyA.jpg
food,2,R-APOU5W2UZx-rNFTiz2tA.jpg
food,2,n2CzwjBJGRWTdDISu6Kcjg.jpg
food,2,FVEEXqab7uuHiS_q3ikWjA.jpg
food,2,M9-9Wa-mqeii4CkFYU28JA.jpg
food,2,_Elc1HCf3SOHWwo1zUJl7Q.jpg
food,2,QbspAWaaBekgZxZPYvVw-w.jpg
food,2,b8PehSJsY8uyYhmWs1TrJw.jpg
food,2,qdanf5p9lhumyV4SyIqTiQ.jpg
food,2,MqXTYkl0eKdO_YTMKye5cA.jpg
food,2,A4lOj1YBmt1sBS4HQbJDHw.jpg
food,2,blaZke0LEza5qCWY1UOYFg.jpg
food,2,SL0IByVsbRyHZfw572T55A.jpg
food,2,QYptwGCG7lIh_eaBnZC7Gw.jpg
food,2,rgNBUZ1KRpdGjH03Qfn21Q.jpg
food,2,HlINHJj2gi7HFrSyTFStSQ.jpg
food,2,MBwpBXZloyYjWZgH-mZfGA.jpg
food,2,7hphLGNUe8Ns3CMLBcoAcQ.jpg
food,2,vylO4eXiWtqFkt-oRdLbLA.jpg
food,2,wlhkmIuGfgmNyUqdlDVQ0g.jpg
food,2,8dFHfrR_YAJxsQ4Hhru6AQ.jpg
food,2,Xy6wj2IX-vsDcwzo8ahiFg.jpg
food,2,TbAmcUGma19UYRDEX35XDA.jpg
food,2,oLVorNU4J0eQBM4KUXrM2A.jpg
food,2,KWOQZ-wCfMBCBq2bh10zjg.jpg
food,2,rMZ5AisaALEpTX_O3BwaUw.jpg
food,2,Kbc5nFnHev_jhu3uUqRtcg.jpg
food,2,YZFaTRJ-hiOn7086PlD7Hg.jpg
food,2,ItB_gvvVa8elth2RvgByTg.jpg
food,2,6tANUMocNU5YfwtKx1MNlw.jpg
food,2,MWDIAJ23wB5mUhRuWVi7MA.jpg
food,2,GFM-CmUWeHeI2qqshtqCaQ.jpg
food,2,ta8dgjZIbCqep0H3w9wecw.jpg
food,2,4M09qMtkDZ2OHp4q5Tu7ig.jpg
food,2,PlkEK813Ew9eLprRc6Fq0A.jpg
food,2,JG4UxjUzSsyvUhqNY5pzLQ.jpg
food,2,HZe6Wlj8htn341jMV5RxGA.jpg
food,2,xUQktOE1K8JVpjXAegOTJA.jpg
food,2,AHLgaM-_iNrgOymHj2cHmA.jpg
food,2,rrXZb82O9cgZHpoh4LAsFQ.jpg
food,2,Vh8FxabVzGoZPa-8iuQGGQ.jpg
food,2,Z2C4iz4dED4OQcmN6KehTw.jpg
food,2,zCvwpGLhmOlSPstCX_k5-w.jpg
food,2,3DgY9C7bGCdXDkX8j9UmBA.jpg
food,2,u1KVryMJjYYq2yTgxFJEug.jpg
food,2,f-MhocnnP3eRq_-PMjqndQ.jpg
food,2,VqzPjug_tR5JfdqsM_iQJA.jpg
food,2,jFuH0_dvcmJJ9h_mF1a3TA.jpg
food,2,pSa2glf6WCv8gjjA0VKrHw.jpg
food,2,dxMy0BEkfJU2X61_et_F2A.jpg
food,2,gLNWCMdt_UeK__0lXgySNw.jpg
food,2,PN0zahS1M7Jley223TvmJg.jpg
food,2,WShc7EzXDoHYhmpJNgLmRg.jpg
food,2,Xe_62f4Vm6ePPN0XInsMRg.jpg
food,2,osO6mC5kAqE1pNo00NpjbA.jpg
food,2,MAYcLp7k7RwGJlJLiLAwpw.jpg
food,2,Z0Mh7QbIZAHH3zLTp3sGdw.jpg
food,2,2Nuy8kSnk6PGf80guZgRfQ.jpg
food,2,Pgrr9syR1jzplwCn8lkxMw.jpg
food,2,hk-TQpIq6OESaw5AwkNx1g.jpg
food,2,LFsir4mlEeI7JtgdZOOzhg.jpg
food,2,yUGFxgxSoJux_dtIUFP_pA.jpg
food,2,8O57MKaCCXf1Eh0egoO2tg.jpg
food,2,N7BD_IuqSk9rmux4sDniKA.jpg
food,2,EL2Rs5VtEcyMLm0jphaRqQ.jpg
food,2,leWuVTdD1mphdf6kOSApNg.jpg
food,2,uhojbk7t3EmdZ-BQ1DcbEg.jpg
food,2,5Tt5kD5XeG02qUh71lgqOQ.jpg
food,2,VWkJ7dzoAgv4TS9Mif-EGg.jpg
food,2,vQRaUbFO_xhMdPXXDtX70A.jpg
food,2,b9uEMyfOAJp8tMg9LUN3xg.jpg
food,2,qIS8qQCmJ-Expx16IRlIoA.jpg
food,2,jYuG9q-6XNjYpB28D7_gAQ.jpg
food,2,1bB2oo1JFqPSla5PoBLwsQ.jpg
food,2,B0e0P2y_YQK3ZQtDt4-Ywg.jpg
food,2,PMMvypgYPEOPwVhTXr8ETQ.jpg
food,2,CmnSZvc4CGlJwE21VaWycg.jpg
food,2,LTNCE9oPWupm61PFMTxARA.jpg
food,2,H81FoyaT-VzUbt2X2hYjzA.jpg
food,2,byVRqbKEhGonlQlcj_niHQ.jpg
food,2,RPyApZIyzmY4UrDchCkbCQ.jpg
food,2,fcK8BGeOdKIqFMN6LhclSw.jpg
food,2,YKXz5nEOoeYOVnLnzPrlcg.jpg
food,2,K0rfzOFxGAAeuYdgxfri9Q.jpg
food,2,RLZdazz1Y0St-DWSgtb2yQ.jpg
food,2,7twTPzbaUrAz4Q9gkeI0sA.jpg
food,2,9miMVF47mL09AkBIanAIvw.jpg
food,2,M2RYvG8GDcZzL4ZgVkPK4w.jpg
food,2,PJ7I8iPmpNMRE71swr9xAg.jpg
food,2,pCcH0AIDlc_XiHgRB5wEFg.jpg
food,2,ucSp1pS9ikLgB6mMcNgBXw.jpg
food,2,IkQXmC5uvuvks5Ur3JiBiQ.jpg
food,2,DduGTj2HrnZriEqC2eofvA.jpg
food,2,waW9A2gq_gPN3thRMlWBzg.jpg
food,2,mVbPxmGayZ0j4U8iIqYbFA.jpg
food,2,4p_vO2hte8GWfy560Ldu1A.jpg
food,2,aDboddujF2f3uQo5EPKlsQ.jpg
food,2,79k_OPrA4KrGV16529rRlg.jpg
food,2,cBMJ_huUK5Ds-A66aCaavQ.jpg
food,2,e2tcIf5HuaKwk12ach3sXQ.jpg
food,2,WMx6-YmgrYFAe1eZGRxJPg.jpg
food,2,Pxmj9jP84eHtd8Ibzh9jZA.jpg
food,2,L57wB27SRmBs4bIEd689qA.jpg
food,2,Pb4VQh6xv5mKULND--FsaA.jpg
food,2,ulZAhHjR21ryo3p7oKiFDA.jpg
food,2,HwS5Z6L-CZT93IazJAB-QQ.jpg
food,2,aznCAV9clu3je6--BgPNpw.jpg
food,2,L3NhtVq3kdzyvBqO9i_6tw.jpg
food,2,shPv3JNAKk7If4PFZLAj9Q.jpg
food,2,ZzqOeQoZVIXr-IQLRqcf7g.jpg
food,2,ylnkPKA_79PKzj3F1btC_g.jpg
food,2,h-qa67fOXQwSH3MLo7IfMQ.jpg
food,2,_gBxP7slP4Nrj4CvMFtb5Q.jpg
food,2,xcBWfToABBjCdUagzr-Ecg.jpg
food,2,hJNVCwIHOiQ8RanYDrQrKA.jpg
food,2,Fbef9pmH7lHHjZL40sP_iA.jpg
food,2,vm0jFiJ9HpkalmCwzh7IbA.jpg
food,2,mQI9w6-_Hm8wCW0P48O4bQ.jpg
food,2,eBQcxu0A2QnLilBYDgNE_g.jpg
food,2,QCMEECf_TTRxhAgBka6ZQQ.jpg
food,2,oyn67hz-lDhSRDdSETFjtQ.jpg
food,2,3F07-fyOagkx7gtlXj79EQ.jpg
food,2,x3PhhjOGA0RXIzaAlis6xQ.jpg
food,2,wKGDOZo861Lz9TLFfABDRw.jpg
food,2,-OBSnxsR6ixIaXs27jGmDQ.jpg
food,2,o8pG9VBnMXR-_axJ7zHycg.jpg
food,2,0vvZUqzjgMnDexntNAFQbQ.jpg
food,2,HVF7LTl_8cgh42d6BzwchQ.jpg
food,2,qfTqcvPEESaWJPScuFSkWQ.jpg
food,2,eAcHplhnK8qnAhPCSy9KwQ.jpg
food,2,SsJ-QOfSPyuKgqjZCDnKSQ.jpg
food,2,WkZTEl9F6hUOqa_Yu_-q1g.jpg
food,2,5EsoQ5kQEm4w1HkzDGIlmQ.jpg
food,2,CVAflDk8thbh3i3TOoqWVA.jpg
food,2,KFZmCvhsQVJK1RTZ9JTXMg.jpg
food,2,raRFewLK5b0hPwcDkYV0PQ.jpg
food,2,XqvhAdg_RNNNXFk7R1afmA.jpg
food,2,iFrKyLNbxibeZv_TmhSgJg.jpg
food,2,Q6wcyzdMxF6TceoWuz8vhw.jpg
food,2,kJ0pJGUSYvxO8hCVn-r6kw.jpg
food,2,IHR9t03BddVBM5u_2bx7pQ.jpg
food,2,M0tDGVFu-GqalbwqAFj0SA.jpg
food,2,FLOyH7q_bwKOgX4kqVf3lg.jpg
food,2,6oEmK3TRJgzvguqHGyXpdA.jpg
food,2,rE0_PZ8tP850I9q6LwNORg.jpg
food,2,9S0xc7R5itqeG_fD32ANig.jpg
food,2,WtplQ5a67QzIiOybJDsJew.jpg
food,2,jGY3KGGY7LEeJnXfxLUXQw.jpg
food,2,c-5ZFeig28iGkHxQv_M1wA.jpg
food,2,DxyZ1jnDdprzO34JzrdpxQ.jpg
food,2,IYSalkan-g8Scje2enxPJQ.jpg
food,2,LlEp_gd_V_zhkEOBhq0nHA.jpg
food,2,QU7FagfJG5sAtD-aTJASlg.jpg
food,2,ykMJnFqrQFWU8Ox6NLRokA.jpg
food,2,A6zoyGOj47TLspvY9RokJQ.jpg
food,2,kHqpQV9WrG5j7LcThHK47g.jpg
food,2,dXRDSIQf-wTylXECizLrJQ.jpg
food,2,fhgy9JqRhhnkxjLOfi47gQ.jpg
food,2,mS1OpVPsgisVW_IDy9HGbw.jpg
food,2,vL1h5yN_cYWSfUlvTVvGtA.jpg
food,2,iYkrSkFotv8kwiNDxlJ3mw.jpg
food,2,J_DlLVvZSZgE6H7_qTcAAg.jpg
food,2,En76xurcY7si25LQSfxcGA.jpg
food,2,1YhII8eobvrfP9bWrDIHBg.jpg
food,2,Vod6Juz7eqG-ooHKriR7Ng.jpg
food,2,F9VFlulbfviYGCMCgK-QZw.jpg
food,2,aY3KfCe5vG-uyuWW7TnxQg.jpg
food,2,6yFddL_9I0g1O_WnWfuLJA.jpg
food,2,n24TQBRwiMl5BpVYpLt-7g.jpg
food,2,XtQH8j0eSkKPPwdkw-DT-Q.jpg
food,2,JolOBTwd1A1--pFNBt4pgw.jpg
food,2,OhTSKL7sHvl1T6E0_Ux6RQ.jpg
food,2,oXuxank0BowNDS1lW2QjgQ.jpg
food,2,Z0vAnWEB4wHkmo-EH01bbw.jpg
food,2,zXFaulor-eBQlS1Y2yn9VA.jpg
food,2,FCIHZIjHa6H783ESIaX04Q.jpg
food,2,vaXy6fgk9fxlvy80rwFIAg.jpg
food,2,sETeW5lcl2MDbHCo8Hu55Q.jpg
food,2,KIvyCKIu6Go2zPKXrpB89A.jpg
food,2,2x3WErnu_gksJ0VUfs1Nzw.jpg
food,2,LMvTjRABNdsRR2PDYVwawA.jpg
food,2,-gdUmvQFv5HGwmBldZOPAg.jpg
food,2,HQWbEavYhQNHBRKUetiVFQ.jpg
food,2,Jt12i4W_HiZX_d1EBzcN5w.jpg
food,2,OFmFhkJJTlM_XR3fcNPVzQ.jpg
food,2,4qK9oBArE_gtb92vivwe0g.jpg
food,2,H7x3vhK3pTCkbPc3ht8cTQ.jpg
food,2,PveEtvOP6fLhqZ9FLFwN0Q.jpg
food,2,2ISH5ly9kYrwBtEf2zyT0A.jpg
food,2,QNo8nZNYkbo8TKx1d0eLIg.jpg
food,2,DTEfS9BERzzBW7PkfW2kmA.jpg
food,2,5eTBZzQVOz8CmHmvE0QAFA.jpg
food,2,QlaNB8sgkvTAsXj1haGrLQ.jpg
food,2,_MIKxKWlFxJBOA7ZIVSleg.jpg
food,2,3EB2ZOhugCC5qs5CN7O35A.jpg
food,2,y-ln-TYu0ksjqWY1Nfkylg.jpg
food,2,Cl6vQuoNMyxbISs_p5Ft9w.jpg
food,2,b97VByGQGjP5HfVQIOS_SA.jpg
food,2,XLuzTEW2JARCSfkv5F5wXw.jpg
food,2,lWz5_sE8WuYIJXhkLxE6Zw.jpg
food,2,w4NqAvSV8Q4dHZn-0qRnnQ.jpg
food,2,88vjB5LqusldbUsgdeL8pw.jpg
food,2,6hlhJo-9enmPv6I6hJeeyQ.jpg
food,2,J2elVmxaEZxrMqiYABoqeg.jpg
food,2,TNpz0j-BSkDNpKUoo8jH0g.jpg
food,2,h7EuIeZKvDppB4yjDrbFIg.jpg
food,2,S7mdV9vULAEnhd5fpG6jfQ.jpg
food,2,wVzH8d45IwVQW6G8Td6xZQ.jpg
food,2,PGxgZVqgaFTqSwCmRUwOxg.jpg
food,2,25TFAXvQAWFUvzPsXG9s-A.jpg
food,2,rdTcfqOqkYVaMXS6f6qijg.jpg
food,2,VFU6-MXcPA_pp1VvJdjA-Q.jpg
food,2,lVXSqfPfVb1f5-RRXzQbPQ.jpg
food,2,P2mpBmIgvU0H1ec18fgB1Q.jpg
food,2,qfzhFP3DHiHP0CXKRv07Kg.jpg
food,2,rxJpBJF1D8pskWumZHi_tg.jpg
food,2,r7l5ZKkq85eJj-BYfNvy5A.jpg
food,2,1WkBaZqVxo5QPCs53g6DoA.jpg
food,2,a-du4KnQFrWqy0DC8DZlhg.jpg
food,2,uLj1m-dDc7gowSTV2jJoOQ.jpg
food,2,zfOZ3Jz-277X-ywoMF0-hg.jpg
food,2,wwTWBCJcX9CMdn63cPHb_Q.jpg
food,2,SRdSYNEiv7W942RY6r2bGA.jpg
food,2,ss2nVzn0txnRVJIZkyJq2w.jpg
food,2,HpR8Q83hbr13WNm8jFRY-A.jpg
food,2,m2m75a09ocDHJOVoR1OYeQ.jpg
food,2,ARWyg-s_Com8K9RaMYxrKA.jpg
food,2,5U56D0yWKYERi16v5jNR2A.jpg
food,2,0cQX_wgStSlHj4BjNvycIg.jpg
food,2,_8pb-VVDo9eBr-D1QxigYg.jpg
food,2,RimBABX_knQeNU61SbDs5A.jpg
food,2,AEIvrEXeCc3F3z4IeH4TvQ.jpg
food,2,Cz2ypHbdwjV3nF6uPzmKoA.jpg
food,2,jTbjbCRT-VhzXYVW8KVmrQ.jpg
food,2,w3h9dWbOQd5qR-jkfIpqKQ.jpg
food,2,3dTPC8MUOtJo7fZRmB0eeg.jpg
food,2,fvJYRCgOg1CTmkdh7ewUQw.jpg
food,2,u_YeDg1LrZ1VIE09xZuWNg.jpg
food,2,BAhKWXCBu28-HxSo_x2OHQ.jpg
food,2,Bk9zGHwj3hfnvJ4Ng79j2Q.jpg
food,2,EWppW_vHn8VS1Y9gAPM5Sg.jpg
food,2,Aw8w4sWiSqeN9FX7Dt1gcA.jpg
food,2,FKtXLaozR3WYIYFlSnujwQ.jpg
food,2,zhGxlBai6kvxugsW0yZf1g.jpg
food,2,lkBdAG14lFR_NPh6lhnqdw.jpg
food,2,xprqmScqWLl_NJDknxBD_g.jpg
food,2,-88nBXsSYRYXyChtHhfJ1A.jpg
food,2,zVEAUNuLc1jJ3pn7HeEzaQ.jpg
food,2,Sfp3p8MDpLsw4wMffGmxZg.jpg
food,2,-K_gmsZKVGG9qxOjLOvK3w.jpg
food,2,g51fB6f7hO3CLepERFzb2Q.jpg
food,2,RpK12ipirg9CSMhFf68JEQ.jpg
food,2,TwT4HHfY1AK7UaHIWMMziA.jpg
food,2,eu49LW3rLNURogDacYVcqg.jpg
food,2,XvJGgdGOE5I-RtHMkc5Fyw.jpg
food,2,o_uH-Oh3t3mjD1H215J7KQ.jpg
food,2,_9Yvae46BRrK0e8YaVP8Jg.jpg
food,2,oUeiNTin6C83HLj7otWZiA.jpg
food,2,Ia-ctVWXHMEqqZKMQPPzFQ.jpg
food,2,pmMtAhLAT95oaoa3y5ZvAw.jpg
food,2,448XbZImJDdpI8y8sKtUog.jpg
food,2,cwGyXMss1Vs5z-xaWMsxTw.jpg
food,2,Md5hAyUyX2Hgf7IH-AXCxQ.jpg
food,2,_mTQoCPmlwlJA6RlbHpQDw.jpg
food,2,BMudyiAbX6jbqsIyHM-N1Q.jpg
food,2,PtdR3O8B_0I2LawqhGwmBw.jpg
food,2,sFoolsu8uwrIbMER4wO27A.jpg
food,2,VpnFKSqgBDMhnq6KmZK35A.jpg
food,2,DjJsZhqdQZtC9IAB-TIQlg.jpg
food,2,4VDoIkBE9WLbpKMKZklhBg.jpg
food,2,e6dna_PHm-9DI3lmsX9lbQ.jpg
food,2,wvUJOxUgB-V4XiIHwPP8Jw.jpg
food,2,tcbQYJl-kEDWs-N2f2USPw.jpg
food,2,X_LyU6gJXNKsoBGI_VRaow.jpg
food,2,amz3wPhTnaXezkf_n0y56w.jpg
food,2,B2dMAgtN5JyTIsG--91Ohw.jpg
food,2,QDotaWDOMjQNi-vKzyF1yQ.jpg
food,2,Ph7eb3v70YL63SrR2wEszQ.jpg
food,2,vkC8U7W2ifR_hMUcIhCzjA.jpg
food,2,13oK_5VoKQXXUGw0K2Veow.jpg
food,2,_p6qS1m9-_DpnovbZqKR1A.jpg
food,2,UYJqHw0BFB0P18gaz4FASQ.jpg
food,2,zCvrIWOIjfh5pkVUy5eRKw.jpg
food,2,WttTaF0PLgrwytyc0z8Xwg.jpg
food,2,-ByxC78rz3OLQFek0X7fnQ.jpg
food,2,HT_W6V_xC4_z8OvEB0nVDQ.jpg
food,2,TvYAiiRgsrDo-0wKe2qXkw.jpg
food,2,6PgnkjBb-9QRWWThgcJzxA.jpg
food,2,9VMIA9EF2Lqjp36HZzhWlQ.jpg
food,2,vh_8sGtEVTTUx_agvZoCOQ.jpg
food,2,YTtnZj8n-9qGTjZ8TGrQBg.jpg
food,2,P8Xjyt0yjGRzr64APJ_dMw.jpg
food,2,xkLYdVymR4jV9FUmQlBuVg.jpg
food,2,SkCVAClHinXwiR9FzWW2RA.jpg
food,2,jYCRUWFN93qu_7-Q91iX2A.jpg
food,2,J-G3aBS99fohLl5WE9SjzQ.jpg
food,2,wVbVXF3IQL1l_I2--1IOzw.jpg
food,2,le5bbHcrpbFNwQsDR_pWVg.jpg
food,2,Xypv3oISiBMUHsZnafozVA.jpg
food,2,9P8dodFgi0BzJL0LaVJ6HQ.jpg
food,2,gBhHgPRzZCg_7lrw-ERLSQ.jpg
food,2,GB-aKStjhVgynA4KLUkICA.jpg
food,2,7wsJEGRRy2rp-dXVII52ng.jpg
food,2,s4RL3JCFznJd1nc4zwvpqQ.jpg
food,2,naz7b250ZfL0cemHU8-ELA.jpg
food,2,0VUNEphww_hv0wG9AKOjjw.jpg
food,2,NACMTUgGQcu4fqQQLjDX2g.jpg
food,2,q97KGFMZ2tA5heLYCTlIrQ.jpg
food,2,3IwD5m3GMlVnBLvrSmLJQA.jpg
food,2,kYI9qx0yIqpnXGrQk2RTGg.jpg
food,2,MBpf7P6nnMvnTNO2hpIYrQ.jpg
food,2,P9cVs7lPduBZ5O_62ifbMg.jpg
food,2,8Kp7FIKSiA1C8zTbcGkxsQ.jpg
food,2,_glCb3G9LfINPvizrhknMw.jpg
food,2,OAywRqmJn2TU89OnCeh8Bg.jpg
food,2,OJmBvmhA3k_i2l4U2LqcOA.jpg
food,2,VdVkDJa1fCMmNqEI5p6sEA.jpg
food,2,eSbJs8WZN3YKxVKfnqgGfQ.jpg
food,2,RcWPt2PrR2I5ojBU-SWSAQ.jpg
food,2,SSQ65Hroxi-K2khxZ7Ifkw.jpg
food,2,knjgAnh_--IdyT2V5g7Gpg.jpg
food,2,aHgdxlnkP_1ApBP4IFHHhg.jpg
food,2,Lm3z157i2X-nz3klKvKA9Q.jpg
food,2,NqpzSqhrnCR3iFBoUqn07w.jpg
food,2,3IkaNlzArrhY99JcgKzqJA.jpg
food,2,gpATte-Sxl_mhR0BVCYMaA.jpg
food,2,HSNVqLlKYIjQRsngWYJA3Q.jpg
food,2,u00tPxwImSFg31PxwJtwVw.jpg
food,2,CKQ93rFzxAmHtWN7XMEBuQ.jpg
food,2,WU8oyipnHmO3QIstpqkOHg.jpg
food,2,dc5vW94rcoewD4qMJitNqw.jpg
food,2,_5iYS4fUZEsla4Kl-RzEww.jpg
food,2,VIfVH3FPTjZgC6Rl2Lc6og.jpg
food,2,eINhps1wKd4f-lcflojh9A.jpg
food,2,SVd5hFKxbM4rF_qECNSWVA.jpg
food,2,J4X1kBqVHmlbC1Lgs94rKw.jpg
food,2,9b-m5jcrmyly5lPV3wQEVw.jpg
food,2,qhgOqOEciN1BmpFms2InDA.jpg
food,2,bmw6Bzz33v1CEBzezjlDwA.jpg
food,2,KGnFSKPTPaHEN3i9k2xHEg.jpg
food,2,Cr-J2eG0rENaBqfiXJxZpw.jpg
food,2,J-6AYrPrOk0SWzeFa1zLRg.jpg
food,2,TjRP6mq7uIl9TAtqvF08Fw.jpg
food,2,yIy27RBKjAhhLC1xrduEzg.jpg
food,2,Wj4dnpNW4rCon83hwqFd5Q.jpg
food,2,cfOs9Dr5-mhEFtFUZqrZtw.jpg
food,2,i-8VimXo5zjh1r7EK6O_sQ.jpg
food,2,Bypu71ZQVYe1nMXGas2i9Q.jpg
food,2,LwS0ENa0_tMSh7tGGXQA2A.jpg
food,2,EqQJs1KstwqgfFcKo4VOzQ.jpg
food,2,jNCxKh9HWqftc4XW7Uv3Bg.jpg
food,2,0HQBiOSbs0v3Z2miZvWm7A.jpg
food,2,mz57yXcVE4g32W7UuaUIQA.jpg
food,2,TbyfSlEc45NGH-c2LxBgsg.jpg
food,2,3mCg7Bh0u37WHNZclEFeyg.jpg
food,2,w8p1cpRO0b167R4mauXiQQ.jpg
food,2,intol64X4_xBMmuQEary1A.jpg
